SMILES,Y
CCOc1cc2nn(CCC(C)(C)O)cc2cc1NC(=O)c1cccc(C(F)F)n1,1
CC(C)(Oc1ccc(-c2cnc(N)c(-c3ccc(Cl)cc3)c2)cc1)C(=O)O,1
CC(C)(O)CCn1cc2cc(NC(=O)c3cccc(C(F)(F)F)n3)c(C(C)(C)O)cc2n1,1
CC(C)NCC(O)COc1cccc2ccccc12,0
COc1ccc(Cl)cc1C(=O)NCCc1ccc(S(=O)(=O)NC(=O)NC2CCCCC2)cc1,1
CC(C)NC(=O)COc1cccc(-c2nc(Nc3ccc4[nH]ncc4c3)c3ccccc3n2)c1,1
CCS(=O)(=O)N1CC(CC#N)(n2cc(-c3ncnc4[nH]ccc34)cn2)C1,1
COc1ccc(S(=O)(=O)N2CCC(N3CCC(C)CC3)CC2)cc1,0
CCn1c(-c2nonc2N)nc2cnc(Oc3cccc(NC(=O)c4ccc(OCCN5CCOCC5)cc4)c3)cc21,1
CC1(C)CC[C@]2(NC(=O)C(C)(F)F)CC[C@]3(C)[C@H](C(=O)C=C4[C@@]5(C)C=C(C#N)C(=O)C(C)(C)[C@@H]5CC[C@]43C)[C@@H]2C1,1
N#Cc1ccc2[nH]c(O)c(-c3ccc(CN4CCOCC4)cn3)c2c1,1
CCCc1cc(N2CCc3c(nc(C4CC4)n3C)C2)n2ncnc2n1,1
Fc1ccc(-c2ccc3c(c2)[nH]c2ccncc23)cn1,0
[2H]C([2H])([2H])NC(=O)c1nnc(NC(=O)C2CC2)cc1Nc1cccc(-c2ncn(C)n2)c1OC,1
C=CC(=O)N1CCC(CNc2ncnc(N)c2-c2ccc(Oc3ccccc3)cc2)CC1,1
Nc1n[nH]cc1-c1cc(Cl)ccc1Oc1cc(F)c(S(=O)(=O)Nc2cscn2)cc1Cl,1
O=C(c1ccc(Oc2ccccc2)cc1Cl)c1c[nH]c2ncnc(N[C@@H]3CC[C@@H](CO)OC3)c12,1
C=CC(=O)Nc1cccc(Oc2nc(Nc3ccc(N4CCN(C)CC4)cc3)nc3ccsc23)c1,1
CC#CC(=O)N1CC[C@@H](n2c(=O)n(-c3ccc(Oc4ccccc4)cc3)c3c(N)ncnc32)C1,1
C=CC(=O)N1CCC([C@@H]2CCNc3c(C(N)=O)c(-c4ccc(Oc5ccccc5)cc4)nn32)CC1,1
C=CC(=O)Nc1cccc(Oc2nc(Nc3ccc(N4CCN(C)CC4)c(F)c3)nc3[nH]ccc23)c1,1
COc1ccccc1-c1cc(NC(=O)c2cccc(N3CCNC3=O)c2)[nH]n1,1
O=C(Nc1cccc(-c2nncn2C2CC2)c1)c1cc(-n2cnc(C3CC3)c2)ccn1,1
Cc1nccc(-c2cn(Cc3ccccc3)c3cnccc23)n1,0
CCc1nc(C)cn2nc(-c3cc(=O)n4cc(C5CCN(C)CC5)cc(C)c4n3)cc12,1
Nc1ncnc2c1c(-c1ccc(Oc3ccccc3)cc1)nn2[C@@H]1CCCNC1,1
Cc1nnc(CN(C)CC(C)Oc2ccc(Cl)c(Cl)c2)n1C,1
COc1nn(C)cc1C(=O)Nc1cccc(-c2cnc3n2CCC3)c1,1
COc1cc(F)ccc1-c1ncnc(Nc2cccc(C[S@@](C)(=N)=O)c2)n1,1
Cc1ccc(C(=O)N2CCC(Cc3ccccc3-c3ccccc3)(C(=O)N(C)C)CC2)s1,0
CCc1nc2c(C)cc(N3CCN(CC(=O)N4CC(O)C4)CC3)cn2c1N(C)c1nc(-c2ccc(F)cc2)c(C#N)s1,1
CN(C)C(=O)C1(Cc2ccccc2-c2ccccc2)CCN(C(=O)C2CCCO2)CC1,1
CC(=O)Nc1ccc(C(=O)N2CCCCC2c2nc(N)ncc2-c2ccc(Cl)cc2)cc1,1
CC(=O)Nc1ccc(C(=O)N2CCCCC2c2nc(N)ncc2-c2cccc(Cl)c2)cc1,1
O=C1NCCN(C(=O)c2ccc3nccn3c2)C1c1ccccc1C(F)(F)F,1
Cc1cc(F)ccc1C1C(=O)NCCN1C(=O)c1ccc2nccn2c1,1
C[C@@H]1CN(C(=O)CC(c2ccccc2)c2ccccc2)C[C@H](C)O1,0
CN1[C@@H]2CC[C@H]1C[C@H](OC(c1ccccc1)c1ccccc1)C2,1
CC(C)(C)C(=O)N1CCC(Cc2ccc(-c3cccs3)cc2)(C(=O)N2CCCC2)CC1,0
Cc1ncsc1C(=O)N1CCCCC1c1nc(N(C)C)ncc1-c1cccc(Cl)c1,0
OCC1CCCCN1Cc1ccc(Cl)c(Cl)c1,0
CC(=O)N1CCN(c2nc(C(F)(F)F)nc3sc(C)c(C)c23)CC1,0
COc1ccccc1C(=O)Nc1ccc2cc[nH]c2c1,0
c1ccc(Oc2cccc(CN(CCN3CCOCC3)Cc3cccnc3)c2)cc1,0
COc1ccc([C@H]2CN(C(C)=O)[C@@H]3CCCN(Cc4cccc(F)c4)[C@H]23)cc1,0
Cc1c(C(=O)NCCCN(C)C)sc2ncnc(Nc3ccc(F)cc3OC(C)C)c12,1
OCC1CCCCN1Cc1ccc(-c2ccccc2)cc1,0
Nc1ncc(C(=O)NC2CN(C(=O)C3CC3)C2)c2ccc(-c3cccc(F)c3)nc12,1
CC1(C)CC(Oc2ccc(-c3ccc(-c4cn[nH]c4)cc3O)nn2)CC(C)(C)N1,1
Cc1ncsc1C(=O)N1CCCCC1c1nc(N)ncc1-c1cccc(C(F)(F)F)c1,1
O=C(Nc1ccc2ccccc2n1)c1ccc(N2CCOC2=O)cc1,0
C=CC(=O)Nc1cccc(Oc2nc(Nc3ccc(N4CCN(C)CC4)cc3)nc3ccoc23)c1,1
CCN1CCN(S(=O)(=O)Cc2ccc(Cl)c(Cl)c2)CC1,0
O=C(Nc1nc2cccc(-c3ccc(CN4CCS(=O)(=O)CC4)cc3)n2n1)C1CC1,1
Cc1ncc(CN2CCC(Nc3ccc4nnnn4n3)C(C)C2)s1,1
Cc1nc(Nc2nccs2)cc(C2CN(c3ncccn3)C2)n1,0
COc1ccc(CCCN2CCN(c3cnn(C)c3)C(=O)C2)cc1F,0
Cc1noc(C(C)C)c1C(=O)N1CC(C)OC(c2ccccc2)C1,0
CN(Cc1ccccc1)C1(C(=O)N2CCNC(=O)CC2)Cc2ccccc2C1,1
Cc1c(F)cccc1NC(=O)CN1[C@H](Cc2ccccc2)C[C@]2(C)NC(=O)CCC[C@H]12,1
CCC1=C(C)CN(C(=O)NCCc2ccc(S(=O)(=O)NC(=O)N[C@H]3CC[C@H](C)CC3)cc2)C1=O,1
O=S(=O)(c1cccc2c(O)nccc12)N1CCCNCC1,1
Cc1ccc(NC(=O)CN2[C@H](Cc3ccccc3)C[C@]3(C)NC(=O)CCC[C@H]23)cc1F,1
CN(C)C(=O)C1(Cc2ccccc2-c2cccc(F)c2)CCN(C(=O)C2CC=CCC2)CC1,0
COCC(=O)N1CCC(Cc2ccccc2-c2cccc(F)c2)(C(=O)NC(C)C)CC1,1
COc1ccc(CNC(=O)c2sc3nc(C)cc(C)c3c2N)cc1,0
C#C[C@@](C)(CC)NC(=O)c1cc(F)cnc1NC1CC(F)(F)C1,0
Cn1cc(Nc2nc(N)nc(-c3cccc(-n4ccc5cc(C6CC6)cc(F)c5c4=O)c3CO)n2)cn1,1
Cc1cnc(C(=O)NCCc2ccc(S(=O)(=O)NC(=O)NC3CCCCC3)cc2)cn1,1
CNC(=O)C1(Cc2ccc(-c3cccnc3)cc2)CCN(Cc2ccc(F)cc2)C1,0
CNC(=O)C1(Cc2ccc(-c3cccnc3)cc2)CCN(Cc2cccc(F)c2)C1,0
O=C1CCCC[C@@H]2[C@H](C[C@@H](Cc3ccccc3F)N2C(=O)c2cccc3ncccc23)N1,1
CCOc1cc(CC(=O)N[C@@H](CC(C)C)c2ccccc2N2CCCCC2)ccc1C(=O)O,1
CC(O)(C#Cc1ccc2c(c1)N(c1nc(N)ncc1Cl)CC2)c1nccs1,1
Cc1oc2ccccc2c1CNc1nnc(-c2ccncc2)o1,0
Nc1ncnc2c1c(-c1cnc3[nH]ccc3c1)nn2C1CCCC1,1
CN1C(N)=N[C@](C)(c2cc(NC(=O)c3ccc(F)cn3)ccc2F)CS1(=O)=O,1
Cc1cc(Nc2cnccn2)cc(C2CCCN(CC(=O)N3CCCC3)C2)n1,1
Cc1cccnc1Nc1cccc(C2CCCN(CC(=O)Nc3nccs3)C2)n1,0
CN(C)C(=O)C1(Cc2ccccc2-c2ccccc2)CCN(C(=O)c2cnn(C)c2)CC1,1
CN1CCN(S(=O)(=O)c2ccc(-c3cnc(N)c(C(=O)Nc4cccnc4)n3)cc2)CC1,1
CNC(=O)C1(Cc2ccc(-c3cccnc3)cc2)CCN(Cc2ccccc2Cl)C1,0
Cc1nc(C(=O)NCC(=O)O)c(O)c2ccc(Oc3ccccc3)cc12,0
O=C(Nc1nc2c(s1)COc1ccccc1-2)c1cnc(Cl)c(Cl)c1,0
COc1ccccc1Oc1c(NS(=O)(=O)c2ccc(C(C)(C)C)cc2)nc(-c2ncccn2)nc1OCCO,1
CCCNS(=O)(=O)Nc1ncnc(OCCOc2ncc(Br)cn2)c1-c1ccc(Br)cc1,0
COC(c1ccccc1)(c1ccccc1)[C@H](Oc1nc(C)cc(C)n1)C(=O)O,1
CCS(=O)(=O)N1CCN(c2ccc(Nc3ncc(C(N)=O)c(NC4CC4)n3)cc2)CC1,1
Cc1cc(F)c(C(=O)Nc2cccc(-c3nncn3C(C)C)n2)cc1-n1cnc(C2CC2)c1,1
CC(C)(C)OC(=O)c1ccc(-n2[nH]cc(-n3ccnn3)c2=O)nc1,0
C[C@H]1CN(C2COC2)CCN1c1ccc(Nc2cc(-c3ccnc(N4CCn5c(cc6c5CC(C)(C)C6)C4=O)c3CO)cn(C)c2=O)nc1,1
Nc1ncc(-c2cc(C3C4CN(C5COC5)CC43)n(CC3CC3)n2)cc1C(F)(F)F,0
C=CC(=O)Nc1cccc(Nc2nc(Nc3ccc(Oc4ccnc(C(=O)NC)c4)cc3)ncc2F)c1,1
C=CC(=O)N(C)CCOc1c(N)ncnc1-c1cc(F)cc(NC(=O)c2ccc(C3CC3)cc2F)c1C,1
CC#CC(=O)N1CCC[C@@H]1c1nc(-c2ccc(C(=O)Nc3ccccn3)cc2)c2c(N)nccn12,1
CC(=O)NCCNc1cc(Cl)nn2c(-c3cccc(S(=O)(=O)N(C)C)c3)c(C)nc12,1
Cc1c[nH]c(=O)n1-c1ccc(C(=O)Nc2ccc3ccccc3n2)cc1,1
CNC(=O)c1cccc(NC(=O)N2CCC(Oc3ccccc3Cl)CC2)c1,1
COc1ccc(OCC(=O)Nc2cccc(Cl)c2N2CCN(C(C)=O)CC2)cc1,0
c1ccc(-c2ccc(CN3CCCCCCC3)cc2)cc1,0
CCC(=O)N1CCN(c2ccc(Cl)cc2NC(=O)COc2ccccc2)CC1,0
Cc1ccc(Oc2ccc(Cl)cc2NC(=O)CN(C)CC(=O)N(C)C)cc1,0
O=C(c1sc(N2CCOCC2)nc1-c1ccccc1)N1CCCCC1,0
Cc1ccccc1-c1nc(Cn2ccnc2C(C)C)c(C)o1,0
CCc1nc2cc(-c3c(OC)cccc3OC)ccc2o1,0
Cc1nnc(NCCc2ccc3c(c2)OCO3)c(C#N)c1C,0
Cc1cc(CN(C)Cc2cscn2)no1,0
Cc1occc1C(=O)NCC(=O)Nc1nc2cc(Cl)ccc2n1C,0
c1ccc(-c2noc(NC3CC3)n2)cc1,0
Cc1nn(C)c2sc(C(=O)N3CCC(C(=O)O)(c4ccccc4)CC3)cc12,1
CCN(CC)Cc1ccc2cc(COC(=O)Nc3ccc(C(=O)NO)cc3)ccc2c1,1
O=C(NCC1(c2ccc(F)cc2)CCOCC1)c1ccccn1,0
COc1cc(OC)cc(-c2nnc(SCC(=O)Nc3cccc(C(=O)O)c3)s2)c1,0
O=C(CSc1nccn1C1CC1)Nc1c(Cl)cc(Cl)cc1C(=O)O,1
CCN1CCC(CNC(=O)c2cc(C)nc3cc(F)ccc23)CC1,1
O=C(CSc1nc2nc(O)cc(O)c2s1)c1ccc(-c2ccccc2)cc1,0
C#CCNC(=O)CN1CCCN(C(=O)c2cccc(C)n2)CC1,1
O=C(NCc1ccc(CO)c(F)c1)Nc1ccccc1,0
CCCOc1ccccc1C(=O)N1CC(Oc2cccc(OC)c2)C1,0
O=C(c1ccc(-n2cccn2)nc1)N1CCN(c2ccccc2O)CC1,0
COc1ccc(CCNCc2ccc(-c3ccccc3)o2)cc1OC,0
CCCCNC(=O)c1cccc2ncccc12,0
COc1cccc(OCCCn2cncc2-c2cc3c(cc2C)n(C)c(=O)n3C)c1,1
Cc1ccc(C(=O)N2CCN(C(=O)NCC(=O)N3CCCC3)CC2)cc1F,1
COC(=O)c1c(C)[nH]c(C(=O)N(C)Cc2ccc(OC)c(F)c2)c1C,0
Cc1cc(OCC(=O)N(C)C2CCCCCCC2)no1,0
CC(C)CNc1nnc(SCc2ccncc2)s1,0
COc1c(C)cccc1CN1CCC(O)(c2ccc(F)cc2)CC1,0
Cc1cc(C)nc(Nc2ccc(C3CCCN(CC(=O)N4CCCC4)C3)nc2)n1,1
CCN(C/C=C/c1ccc(F)cc1)Cc1nc(COC)no1,0
CC(=O)Nc1ccc2nc(C)cc(O)c2c1,0
O=C(NC[C@@H]1CCN(c2ccccc2)C1)N1CCc2ccccc2C1,0
CCN1CCC(N(C)c2ncnc3c2cnn3C)CC1,0
Cc1cc2nc(CCC(=O)N3CCC(c4ccc(C(=O)N(C)C)c(N)n4)CC3)[nH]c2cc1C,1
COc1ccc(C)cc1NC(=O)CN1CCc2ccccc2C1,0
O=C(CCOc1ccccc1)N1CCCC1,0
c1ccc(-c2n[nH]c(C3CCN(c4ccccn4)CC3)n2)cc1,0
COc1ccc(-n2cc3c(c2-c2ccccc2Br)c(=O)n(C)c(=O)n3C)cc1,0
COc1ccc(CN2CCC(c3nc(C(C)C)no3)CC2)c(F)c1,0
Cc1nnc(NCC(=O)N2CCc3sccc3C2)c(C#N)c1C,0
CCCn1cc(C(=O)N2CCC(c3n[nH]cc3C(=O)N(C)Cc3ccccc3)CC2)cn1,1
Cc1cc(C(=O)N(C)Cc2ccc(Br)cc2)no1,0
Cc1ncsc1CN1CCCN(c2nc3ccccc3[nH]2)CC1,1
Cc1ccccc1CNC(=O)c1ccc(-n2ccnc2)nc1,0
O=C(NCc1cnn(-c2ccccc2)c1)C1CCC1,0
CNC(=O)c1ccc(N2CCCC2)nc1,0
Cc1cc(C)nc(N(C)CC(=O)NC2CC2)n1,0
Cc1cc(C(=O)Nc2cccc3ncccc23)on1,0
CN(c1ncnc2c1cnn2CCO)C1CCCCC1,0
CN1CCN(c2ccc(NC(=O)c3ccccc3Cl)nc2)CC1,0
Cc1cc(OCc2ncc(C(C)(C)C)o2)nn1C,0
Clc1cccc(CNc2nc(C3CC3)no2)c1,0
Cc1ccc(-c2nc(NCc3ccco3)ncc2-c2cc(C)no2)cn1,0
COc1nc(C)nc(N(C)Cc2nccs2)c1C,0
O=C(c1ccc2c(c1)OCO2)N1CCC(c2n[nH]c(C3CC3)n2)CC1,1
CN(Cc1cccc(C#N)c1)Cc1ccccc1C#N,0
CN1CCN(Cc2noc(Cc3ccccc3)n2)c2ccccc21,0
COc1ccc(C2(NCc3ccc(N4CCCC4=O)cc3)CC2)cc1,0
O=C(c1cccnc1)N1CCCC(c2cccc(-c3cccc(Cl)c3)n2)C1,0
CNC(=O)c1ccc(N(C)C2CCC2)nn1,0
CC#CCNc1ccc(-n2cnnn2)c(C)c1,0
Nc1nc2ccccc2nc1N1CCCC1,0
CCn1c(=O)n(CC)c2cc(N)ccc21,0
Cc1cc(N2CCCCC2)nc(CNC(=O)c2ccccc2Cl)n1,0
COc1ccccc1C(=O)NCc1nc(C)cc(N2CCCCC2)n1,0
CCc1nnc(NC(=O)Cc2cccc(F)c2)s1,0
O=C(CN1CCCN(c2ccc(C(F)(F)F)cn2)CC1)Nc1ccccc1F,0
Cc1cccc(NC(=O)CN2CCCN(c3ccc(C(F)(F)F)cn3)CC2)c1,0
O=C(CN1CCCN(c2nccs2)CC1)Nc1cccc(Cl)c1,0
COc1ccccc1NC(=O)CN1CCCN(c2nc(C)cs2)CC1,0
CC(C)(C)c1cc(NC(=O)c2cccc3cn[nH]c23)[nH]n1,0
Cc1ccccc1OCCCNc1cc(Cn2c(C)nc3ccccc32)nc(N)n1,1
COc1ccc(-c2cccc(C3CCCN(CC(=O)Nc4ccccn4)C3)n2)cc1,0
O=C1CCCN1CCc1nc(-c2ccc3[nH]c(=O)oc3c2)cs1,1
COCC1CCN(c2noc(-c3cccs3)n2)CC1,0
NC(=O)COc1ccccc1-c1ccccc1,0
Cc1nc(C)c(C)c(NCc2cc(-c3ccc(F)cc3)no2)n1,0
Cc1cccn(Cc2cccc(F)c2)c1=O,0
Cn1cc(-c2ccc(-c3cncc(Cl)c3N3CCC4(CCNC4=O)CC3)cc2)cn1,1
Cc1ccc(-c2cn(CC3CCN(Cc4c[nH]c(C)n4)CC3)nn2)cc1,1
Clc1ccc2c(Oc3cccnc3)ncnc2c1,0
CC(C)(C)c1csc(NC(=O)C2CC2)n1,0
Cc1ccc(C(=O)Nc2ncccc2C)s1,0
CC(C)(C)C(=O)N1CCN(C(=O)CCN2CCOC2=O)CC1,1
COc1ccc(Cc2cccc(C3CCN(C(=O)C4CCCC4)CC3)n2)cc1,0
O=C(Cn1c(=O)c2cccn2c2ccccc21)NCCCN1CCCC1,1
O=C(CCCc1nnc(-c2ccccc2)o1)Nc1cccc2ccccc12,0
CN(CC(=O)NC1(C#N)CCCCC1)c1cccc(C#N)c1,1
Cc1nc(C2(NCc3cccc(C#N)c3)CCCC2)no1,0
CN(CCC1CCCCC1)C(=O)c1ccon1,0
CN(C)Cc1cccc(N/C(=C2\C(=O)Nc3cc(C(=O)N(C)C)ccc32)c2ccccc2)c1,1
CC(C)c1cnn2c(NCc3ccccc3)cc(NCCCCCCN)nc12,1
COc1cc(C(C)C)c2c(c1)S(=O)(=O)N(COc1cc(=O)n3cccc(OCCN4CCCCC4)c3n1)C2=O,1
O=C(O)c1ccc(N2CCCC2)c(F)c1,0
Cc1cc(C)cc(Oc2cc(C#N)ccn2)c1,0
Cc1cc(NC(=O)C2CCOCC2)sn1,0
O=C(CC1CCNCC1)NCCc1ccccc1F,1
N#Cc1ccc(-c2csc(CCN3CCCC3=O)n2)cc1,0
CON(C)C(=O)c1cc(C)ccc1NS(C)(=O)=O,0
C#CCN1CCC(c2nc(Cc3noc(C)n3)no2)CC1,0
NC(=O)Cn1cc(-c2ccc(F)cc2)cn1,0
CCN(C(=O)CN1CCNC(=O)C1)c1ccc(F)cc1,1
Cc1ccc(NC(=O)CN2CCCN(c3ccc(C(F)(F)F)cn3)CC2)c(F)c1,0
CNC(=O)Cc1csc(-c2ccc(C)cc2)n1,0
COc1ccccc1CNC(=O)C(C)N1CCCN(c2ccccc2C#N)CC1,0
CON(C)C(=O)c1cc2ccc(C(C)(C)C)cc2[nH]1,0
CCN(CC)Cc1cccc(/C=C/c2nc3ccc(F)cc3c(=O)n2-c2ccccc2Cl)n1,1
N#CCCN(c1ncnc2sccc12)C1CC1,0
Cc1ccc2nc3c(c(C(=O)NCc4nnc5n4CCC5)c2c1)CCCC3,1
O=c1n(CCc2ccncc2)nnn1-c1ccccc1,0
CCCCOc1ccc(C(=O)NCc2cc(C)on2)cc1,0
COc1cccc(C(=O)C[n+]2cc(-c3ccc(F)cc3)n(C)c2N)c1,1
COc1ccc(Cc2ncnn2-c2ccc3c(c2)OCO3)c(OC)c1,0
O=c1[nH]nc(CCCN2CCOCC2)n1-c1cccc(Cl)c1,1
Nc1cncc(-c2ccc(CN3CCCCC3)cc2)c1,0
O=C(CN1CCCC(c2ccc3cn[nH]c3n2)C1)N1CCCC1,1
CCn1nc(C2CCCC2)nc1-c1ccncc1,0
CC1(C)Cc2cc(NC(=O)c3cnn4cccnc34)c(N3CCN(CC(F)F)CC3)nc2O1,1
CC(C)(C)NC(=O)c1cncn1C1CCN(c2ccc(-c3nnc(C(F)(F)F)o3)cn2)CC1,1
COc1ccc(-n2c(Cn3cnc(C#N)n3)nc3ccccc32)cc1,0
CCOC(=O)N1CCN(C(=O)c2ccc3c(c2)OCO3)CC1,0
CCn1cc(C2CCN(Cc3ccc(C#N)cc3)CC2)cn1,0
CCCn1nccc1NC(=O)c1c(C)noc1C,0
CCc1cc2c(N(C)CCO)ncnc2s1,0
c1cnc(N2CCC(Cc3ccncc3)CC2)nc1,0
Cc1cc(C)n(CCNC(=O)NC2CCOCC2)n1,1
CC(=O)Nc1ccc2nc(N3CCOCC3)sc2c1,0
Cc1ccc(CNC/C=C/c2ccccc2)cn1,0
CC(=O)Nc1ccc(Oc2ncnc3scc(-c4ccccc4)c23)cc1,0
CCCNC(=O)C1(Cc2ccccn2)CCOCC1,1
CC1(c2ccn[nH]2)CCN(Cc2ccco2)CC1,0
CCCn1cc(C(=O)N2CCC(c3n[nH]cc3C(=O)N3CCOCC3)CC2)cn1,1
O=C(c1ccc2[nH]ccc2c1)N1CCCC(c2cccc(-c3ccc(F)cc3)n2)C1,0
CCCCC1=NC2(CCCC2)C(=O)N1Cc1ccc(-c2ccccc2-c2nn[nH]n2)cc1,1
Cc1cc(Nc2ccc3c(c2)oc(=O)n3C)nc(C2CC2)n1,0
O=C(Cc1c(F)cccc1Cl)Nc1cccc2cnccc12,0
CCc1ccc(NC(=O)C2CCN(c3ccc4nncn4n3)CC2)cc1,1
O=C(NCc1ccc(-n2cncn2)nc1)c1csc2c1CCCC2,0
Cc1sc2ncnc(OCC(=O)NC3CCCCC3)c2c1C,0
Cc1nc(C(C)C)sc1C(=O)Nc1nc(C(C)(C)C)cs1,0
Cc1cc(C)n2ncc(C(=O)Nc3cccc(C(=O)O)c3)c2n1,0
Cc1ccc2nc(-c3ccc(N(C)C)cc3)[nH]c2c1,0
Cc1nc(CC2CCN(S(=O)(=O)c3cn(C)cn3)CC2)cc(NC2CCCC2)n1,1
CCC(CC)NC(=O)c1ccc2ncsc2c1,0
O=C1CNC(=O)N1CCCN1CCc2sccc2C1,0
CCCc1nc(N2CCc3ccccc3C2)ncc1C(=O)O,0
COc1ccc(N2N=C(C)/C(=C(\C)Nc3ccc(S(N)(=O)=O)cc3)C2=O)cc1,1
c1ccc(OCc2cc(CC3(NCc4cnc5ccccc5c4)COC3)no2)cc1,0
CCOc1ccc(-c2csc(N)n2)cc1,0
CN(C)c1cccc(C(=O)N2CCCC(c3cccc(-c4cccs4)n3)C2)c1,0
CNc1ncc(-c2nc(C3(c4ccccc4)CC3)nn2C(C)(C)C)cn1,0
N#Cc1ccc(OCCn2cccn2)cc1,0
CC(C)CC(=O)Nc1cccnc1N(C)C,0
Cc1nccc(-c2cccc(-n3ccnc3C(C)C)c2)n1,0
CN(Cc1cnn(C)c1)c1ncnc2c1oc1ccccc12,0
Cc1cccc(NC(=O)c2cccnc2N2CCCCC2)n1,0
Clc1snnc1CN1CCCN(c2nc3ccccc3[nH]2)CC1,1
COc1ccc(S(=O)(=O)CCC(=O)Nc2ccc3c(c2)N(C)C(=O)CO3)cc1,1
Cc1ccnc(NC(=O)CN(C)C(=O)c2ccc(Cl)cc2)c1,0
c1ccc(-n2cc(CNc3ncccn3)cn2)cc1,0
Cc1cc(C)c(C#N)c(N2CCN(CC(=O)Nc3ccccc3Cl)CC2)n1,0
O=C(NCCCn1ccnc1)N1CCC12CCC2,1
Cc1nccc(-c2ccc(-c3noc(CN4CCOCC4)n3)cc2)n1,0
COCCc1nc(-c2cnc(C3CC3)nc2)n(Cc2ccc(F)cc2)n1,0
O=C(NCc1nnc2c(O)nccn12)C1CCCC1,0
CN(C)C(=O)COc1ccc(N)c(F)c1,0
COc1ccc(Br)c(-c2nnc(N)o2)c1,0
CCCn1ccnc1CNc1nc2c(s1)c(C)nn2C,1
Cc1cn[nH]c1C1(C)CCN(Cc2cnn(C)c2)CC1,1
Cc1nc2ccccn2c1CC(=O)NCCCSc1ccccc1,1
COc1ccccc1CNC(=O)c1cnc(C2CCN(C(=O)C(C)(C)C)CC2)nc1C,1
CCOC(=O)N1CCC(Nc2nc3ccccc3s2)CC1,0
CCOc1ccc(-c2ccccc2NC(=O)COC)cc1,0
Cc1ccc(-n2nc(C(=O)N3CC(O)C3)c3c2CCCC3)cc1,1
CNC(=O)c1cnc(/C=C/c2csc(-c3cccs3)n2)s1,0
Cc1ccc(-c2nc(C(=O)N3CCc4ccccc4C3)cs2)o1,0
FC(F)(F)c1nc(Nc2ccc(-n3cnnn3)cc2)c2ccccc2n1,0
CC(=O)NC1CCN(Cc2cccc(-c3cccnc3)c2)CC1,1
Cc1cc(C)c(NC(=O)c2ccnc(OC3CCC3)c2)c(C)n1,0
Cn1c(-c2ccccc2)cnc1NCc1ccccc1,0
Cc1ccc(-c2cc(NC(=O)CN3CCOCC3)on2)cc1,0
COc1ccc2c(c1)C=C(CN1CCC(c3cc(-c4ccc(N)nc4)cc(C)n3)CC1)CO2,0
CCc1nnnn1Cc1noc2c1CCCC2,0
CSCCc1nc(-c2cc(C)nc3cc(F)ccc23)n(CCO)n1,1
CCOc1ncccc1-c1cc(Cl)ccc1O,0
Cc1nc(NC(c2nccn2C)C2CC2)c2sccc2n1,1
Cc1cc(C(=O)N(C)C2CCC2)n2nccc2n1,0
CCCn1ncc2ccc(C3CCCN(CC(=O)N4CCCC4)C3)nc21,1
CCN(c1cc(-c2ccc(CN3CCOCC3)cc2)cc(C(=O)NCc2c(C)cc(C)nc2O)c1C)C1CCOCC1,1
Cn1cc(NC(=O)c2ccccc2C(F)(F)F)cn1,0
CN(Cc1n[nH]c2c1CCCC2)c1nccnc1C#N,0
COc1ccc2c(c1)CN(C(=O)c1cc(C3CC3)[nH]n1)CC2,0
CC(C)CC(=O)NCC(=O)N1CCCC1,0
Cc1cccc(-c2ncc(CNCc3ccccc3-n3cccn3)cn2)c1,0
Clc1ccc(-c2ccc(CNCC3CCCO3)o2)c(Cl)c1,0
O=C(c1cccc(Cl)c1)N1CCN(C(=O)c2ccc3ccccc3c2O)CC1,0
CN(CC(=O)Nc1cccc(F)c1)C(=O)c1cccc(C#N)c1,1
CC(=O)N1CCC(Nc2ncnc3cc(-c4ccc(Br)cc4)sc23)CC1,1
Cc1cc(NC2CCCC2)nc(C2CCNCC2)n1,1
COC(=O)CC1=NN(c2ccc(OC)cc2)C(=O)/C1=C(/C)NCc1ccc(OC)cc1,0
Cc1ccc2nc(C)c(C(=O)N3CCC(C(=O)Nc4ccncc4)CC3)cc2c1,1
O=C(CCN1C(=O)CCC1=O)Nc1cccc2ncccc12,1
CCc1ccccc1NC(=O)Cn1nc(C)cc1C,0
O=C(Cc1ccc(Cl)cc1)NCc1ccncc1,0
O=C(Cc1cccc2ccccc12)NCc1nnc2n1-c1ccccc1CC2,1
Cc1nc(-c2ccccc2)ccc1C(=O)N1CCCS1(=O)=O,0
Cc1cccnc1NC(=O)CCn1cnc2ccccc21,1
CNC(=O)c1ccc(CN(C)c2c(F)cc(C#N)cc2F)cc1,0
CC(C(=O)Nc1ccccc1)N1CCCN(c2nccs2)CC1,0
O=C1CCCN1c1ccc(CN2CCC(c3noc4cc(F)ccc34)CC2)cc1,0
Brc1ccc(-c2nnc(Cn3cnc4ccccc43)o2)o1,0
Cc1cc(NC(=O)CCc2cnn(C)c2)c2ccccc2n1,1
COC(=O)N1CCCN(C(=O)c2ccc(-c3ccccc3Cl)o2)CC1,0
CCCCc1nc2cc(/C=C/C(=O)NO)ccc2n1CCN(CC)CC,1
COc1ccc(F)c(CN2CCC(Cc3noc(C)n3)CC2)c1,0
Cc1ccc(C)c(-n2c(S)nnc2-c2ccc(O)cc2)c1,1
Cc1nccn1CCNC(=O)C(C)(C)C,1
O=C(NCCc1ccc2c(c1)OCCO2)c1ccc2ccccc2n1,0
CC(C)(C)c1csc(CCNC(=O)N2CCSCC2)n1,0
CS(=O)(=O)CCNc1ccc2ccc(F)cc2n1,0
O=S(=O)(Nc1cccc(-c2nc3ccccc3[nH]2)c1)c1ccc(Cl)cc1,1
Cn1ncc2cc(-c3ccnc4[nH]ccc34)ccc21,0
O=c1c(-c2ccc(F)cc2)c(-c2ccncc2)[nH]n1-c1ccc(Cl)cc1,0
CCNC(=O)N1CCC(c2nc(-c3ccccc3)no2)CC1,0
O=C(CCc1nnc(-c2ccsc2)o1)N1CCCc2cc(F)c(F)cc21,0
Cn1ccnc1CCNC(=O)c1cccc2cccnc12,1
COc1cc2c(cc1OC)-c1cc3ccc(OC)c(OC)c3c[n+]1CC2,1
Cc1nn(C)c(C)c1CCC(=O)N1CCCc2ncccc21,1
Nc1nc2ccccc2n1CCCc1ccccc1,0
Cc1ccc2c(CC(=O)NCc3cccs3)coc2c1,0
CC(=O)NC1(C(=O)N2CCCN(C3CC3)CC2)CCC(C)CC1,1
O=C(c1cccc(CNc2ccc3nccnc3n2)c1)N1CCCCC1,1
CC(C)CN(c1ncnc2c1cnn2C)C1CC1,0
O=C(CCc1ccccc1)N1CCC(c2cccc(Cc3ccc(F)cc3)n2)CC1,0
Cc1ccc(-c2ccc(-c3nccn3CCCn3cnnc3)o2)cc1,1
CCc1cc(NCc2cccc(OCCOC)c2)ncn1,0
Cn1ccnc1CN1CCN(Cc2ccc(F)cc2C#N)CC1,1
Cn1c(=O)n(Cc2cccc(OC(F)F)c2)c2cnccc21,0
CCOC(=O)CNC(=O)c1ccc(O)cc1O,0
N#CC1(C(=O)N2CCN(Cc3ccccn3)CC2)CCCCC1,0
N#Cc1cccnc1NCCc1cn2c(n1)CCCC2,0
CN(Cc1ccccc1)C(=O)c1ccc(-n2cccn2)nc1,0
O=C(CC1CCN(c2ncc(Cl)cn2)CC1)N1CCOCC1,0
Cc1sc2nc(CN3CCC(C)CC3)nc(N3CCN(c4cnccn4)CC3)c2c1C,1
Cc1cc2cc(C(=O)N(C)CCC(=O)O)oc2cc1C,0
Cc1ccncc1-c1ccc(-c2ccn[nH]2)cc1,0
CN(CC1(O)CCCC1)c1ncccn1,0
CCNC(=O)C1CN(c2nc(C3CC3)nc3c2CCC3)C1,1
Cc1cc(-c2nnc3ccc4ccccc4n23)n(C)n1,0
Cc1nn(C)c2ncc(C(=O)Nc3ccc4c(c3)CCO4)cc12,0
Clc1ccc(NCc2ccoc2)nn1,0
CCOCC(=O)NCc1cc(C2CC2)n(C2CCCC2)n1,0
CCS(=O)(=O)Nc1ccc(Oc2ccc(F)cc2F)c(-c2cn(C)c(=O)c3[nH]ccc23)c1,1
CN(C)C1(CNC(=O)N2CCCC(C)(C)CC2)CCOCC1,1
CCc1noc(CN2CCCN(C(C)=O)c3ccccc32)n1,0
Cc1nc(Cn2ncc3ccccc3c2=O)cs1,0
Cc1ncccc1CNc1nnc(C(C)(C)C)s1,0
Cc1ncc2c(n1)CN(CCCc1nc3ccccc3o1)CC2,0
Cc1nc2ccc(NC(=O)c3sc(-c4ccccn4)nc3C)cc2s1,0
CCOc1ccc(C(=O)Nc2cnn(C3CCOCC3)c2)cn1,0
Cc1nc(O)cc(C2CCN(c3cnccn3)CC2)n1,1
COc1ccc(-c2c(C)n[nH]c2C)cn1,0
Cc1cc(N)n(-c2ncnc3sc(C)c(-c4ccc(Cl)cc4)c23)n1,0
Cc1nc(Cl)cc(Nc2cnn(C(C)(C)C)c2)n1,0
CCc1ccc2nc(C)cc(C(=O)N3CC(c4cccnc4)C3)c2c1,1
CC(C)(C)CC(=O)N1CCC(OCCCN)CC1,1
CC(C)NC(=O)Cn1nnnc1C(C)(C)C,0
O=C(Cn1nc2n(c1=O)-c1ccccc1C1=NCCN12)N1CCCc2ccccc21,1
Cc1ccccc1OCCn1c(N)nc2ccccc21,0
Cc1cccc(OC2CCN(CC(N)=O)CC2)c1,0
Clc1cccc(-c2nnc(Cn3cnc4ccccc43)o2)c1,0
CCCN(C(=O)c1c(CC)noc1C)C1Cc2ccccc2C1,0
O=C(c1ccccc1)N1CCN(C(=O)c2ccc(-c3ccccc3Cl)o2)CC1,0
COc1ccc(Nc2ncnc3sccc23)c(OC)c1,0
Cc1cccc(C(=O)NCC#Cc2ccccc2)n1,0
CN(CCc1ccccn1)c1cnc2ccccc2n1,0
Cc1ccc(Cn2nc(C)c(C(N)=O)c2Cl)cc1,0
O=c1cc(CN2CCCCc3ccccc32)[nH]c2ccnn12,1
O=C1CN(C(=O)c2cccc(Oc3cccc(C(F)(F)F)c3)c2)CCN1,1
CC(C)CC(=O)N1CCC(Cc2cccc(-c3cncnc3)c2)(C(=O)NC(C)C)CC1,1
O=C(CSC1CCCC1)N1CCC(Cn2cccn2)CC1,0
CN(C)C(=O)c1sc2nc(C3(C)CCN(c4ncccn4)CC3)ccc2c1N,0
CSc1ccc(NC(=O)Cn2nc(C3CC3)ccc2=O)cc1,0
Cc1nc2cc(NC(=O)CCc3c(C)nc4c(c(C)nn4C)c3C)ccc2o1,1
O=C(NCCc1ccc2c(c1)OCO2)N1CCc2sccc2C1,0
COc1ccc(C(=O)C2CCN(CC(=O)N(Cc3nc4c(c(=O)[nH]3)COCC4)CC3CC3)CC2)cc1,1
Cc1ccc(C(=O)Nc2ccccc2-c2ccccc2)o1,0
CC1(C)OCCn2c1nc1c(N3CCOCC3)nc(-c3cnc(N)nc3)nc12,0
CCSCc1nc(N)c2ccccc2n1,0
CNC(=O)c1sc2ncccc2c1[C@H]1CC[C@H](CNC(=O)COc2ccccc2)CC1,1
CC(C)C(=O)Nc1ncn(Cc2cccnc2)n1,1
Cc1csc(NC(=O)CCc2ccncc2)n1,0
CSc1cccc(-c2ccccc2-c2nnc(C)o2)c1,0
O=C(c1cc(-c2cccc(Cl)c2)on1)N1CCC(n2cccc2)CC1,0
Nc1ccc2[nH]c(CCc3ccccc3)nc2c1,0
COc1ccc2nc(CN3CCC(O)(c4ccc(C)cc4)CC3)ccc2c1,0
Fc1ccccc1CN1CCN(c2ncccn2)CC1,0
CN(Cc1ccn(-c2ccccc2)n1)C(=O)c1ccc(O)nc1,1
O=C(c1noc2c1CCCC2)N1CCN(c2ncccn2)CC1,0
CN(Cc1ccc2c(c1)OCO2)Cc1ccccc1C#N,0
CC1(C)CN(CC(=O)NCC#N)c2cccc(Cl)c21,0
Cc1ccc(C(=O)NC2CCN(CC#N)CC2)cc1Br,0
Cc1nc(-c2ccc(Cl)c(Cl)c2)n(CC(C)(C)O)n1,0
Cc1csc(N(C(=O)c2cc3c(C)nn(C)c3s2)C2CC2)n1,0
Cc1cccnc1CNc1ccc(C#N)cc1F,0
CC(C)n1nccc1-c1ncccc1COc1cccc(O)c1C=O,0
O=C(Nc1ccc(F)cc1F)N1CCn2c1nc1ccccc12,0
O=C(Cn1c(-c2ccc(F)cc2)nc2ccccc21)N1CCOCC1,1
CC(=O)N1CCN(C(=O)c2ccc(-c3ccc(F)cc3)cc2F)CC1,0
COCc1ccccc1CNc1ccc2cc(C#N)ccc2n1,0
Cc1csc(CN(C)c2ccnc(N(C)C)n2)n1,0
Cn1cc(C#N)cc1-c1nc(C2CC2)nn1CCc1ccccc1,0
Nc1nnc(-c2ccc3c(c2)OCCO3)o1,0
N#CCCCN1CCN(c2cc(C#N)ccn2)CC1,0
CCc1ccccc1NC(=O)CCn1ccnc1-c1ccc2c(c1)OCO2,1
Cn1cc(-c2nnc(NCc3ccc4ccccc4c3)o2)cn1,0
Cc1nn(C)c(C)c1NC(=O)CN1CCN(c2nccs2)CC1,1
CCc1c(N)cnn1-c1ccccc1C,0
Cn1ccc(C(=O)N2CCCC(c3cccc(-c4cccc(Cl)c4)n3)C2)n1,0
CCN(CC)S(=O)(=O)c1ccc2c(c1)CCN2CC(=O)NCc1ccccc1F,1
CNC(=O)CN(C)c1cccc(F)c1C#N,0
O=C(Cc1csc(-c2ccccn2)n1)NC1CCCCCC1,0
CN1C(=O)N(CC(=O)Nc2ccccc2-c2ccccc2)C(=O)C1(C)C,1
Cc1nc(Cl)cc(Nc2ccc3c(c2)N(C)C(=O)CO3)n1,0
COc1cc2nc(N)sc2cc1OC,0
COc1cc(CN2CCC(c3ccnc(C)n3)CC2)ccc1F,0
Oc1ccc(CN2CCN(c3cccc(Cl)c3)CC2)cc1,0
CNC(=O)c1cn(C)nc1CC1CCN(Cc2cnc(-c3ccc(OC)cc3)nc2)CC1,1
Cc1cc(Oc2ncccn2)ccc1NC(=O)c1c(C)oc(C)c1C,0
Cc1ccc(NC(=O)c2cccc(N(C)C)c2)cc1NC(=O)c1ccc(O)cc1,1
COc1cccc(-c2nc(C(=O)O)cs2)c1OC,0
COc1ccc2c(c1)C=C(CN1CCC(c3cc(-c4cncnc4)cc(C)n3)CC1)CO2,0
COc1ccc(OCC(=O)N2CCN(C)CC2)cc1,0
CC(=O)N1CCN(C(=O)CCc2ccc(-c3ccccc3)[nH]2)CC1,1
Cc1cc(NC(=O)c2cccs2)no1,0
Cc1csc(N(C(=O)c2ccc(-n3cncn3)c(F)c2)C2CC2)n1,0
CCc1ccccc1NC(=O)c1cc(C)nc2onc(C)c12,0
Cc1cc(C(=O)N(C)Cc2ccsc2)no1,0
OCCN1CCC(c2ccncn2)CC1,0
CN(c1ncc(Br)cn1)C1CCS(=O)CC1,0
CCc1ncnc(N(C)Cc2ccc(N)nc2)c1F,0
COc1ncnc2c1CN(Cc1c[nH]nc1-c1ccc(F)cc1)CC2,1
O=C(NCc1cc(F)cc(F)c1)c1ccccn1,0
CN1CCC(n2ncc3[nH]c(-c4ccc5ccccc5c4)nc32)CC1,1
O=C(Cc1ccc2c(c1)CCC2)Nc1nc2ccccc2o1,0
Cc1cc(C(=O)Nc2c(C)nn(C(C)C)c2C)c2ccc(F)cc2n1,1
Cc1nc(C)c2c(C)c(C(=O)N(C)CCN3CCCC3)sc2n1,1
Cc1ccc2nc3c(c(C(=O)NCc4cnn(C)c4)c2c1)CCCC3,1
Clc1cc2ncc(-n3ccnc3)nc2cc1Cl,0
CCC(CC)NC(=O)c1cc(C)nc2onc(C)c12,0
CCCN(C)C(=O)Nc1cccc(-c2nnc3n2CCCCC3)c1,1
CN(CC(N)=O)Cc1cc2c(cc1Br)OCO2,0
CC(C)c1nc2c(n1C)CCN(C(=O)c1cccc(C(F)(F)F)c1F)C2,1
COc1cccc(-c2nc(-c3cccnc3)n[nH]2)c1,0
CC(C)(C)c1ccc(CN2CCC(C(N)=O)CC2)cc1,0
N#Cc1ccc(N2CCc3c(ncn3C3CC3)C2)nc1,0
O=S(=O)(Cc1csc(C2CCCC2)n1)C1CCCC1,0
N#Cc1cc(F)c(N2CCN(CCO)CC2)c(F)c1,0
CC(C)c1nnc(CN2CCN(c3nccs3)CC2)o1,0
CC(=O)NCC1CCN(C(=O)c2ccc(C)nc2)CC1,1
CC1CCN(C(=O)c2n[nH]c3ccccc23)CC1,0
CN(Cc1cccnc1)Cc1ccc(C#N)o1,0
Cc1ccc(CCNC(=O)N2CC(C)(C)OC(C)(C)C2)cn1,1
CS(=O)(=O)N(CC(=O)Nc1ccccc1C(=O)NCc1ccco1)c1ccc(F)cc1,1
Cc1ccc(F)cc1CNc1cc(C(=O)N(C)C)ccn1,0
COCCc1nc(CCCn2cccn2)n(C2Cc3ccccc3C2)n1,1
CC(C)c1nnc(CNC(=O)C2(C)CCC2)n1C,1
CCc1nc(CC)n(Cc2nc(C)cs2)n1,0
Cc1nc(CC(=O)NCc2ccccc2)cs1,0
O=C(Nc1ccc2c(c1)OCCCO2)c1cnn(Cc2ccccc2)c1,0
CC(C)C(=O)N1CC(Cc2nccc3ccn(C)c23)C1,1
COc1ccc(Nc2nc(N)nc(CN3CCN(Cc4ccccc4)CC3)n2)cc1,1
CCCN(Cc1ccccc1)C(=O)CC1(N)CCC1,1
COC(=O)N1CCCN(C(=O)C(=O)Nc2cccc(C(C)C)c2)CC1,0
CCN1CCC(Nc2nc(C)cc(C)c2C#N)CC1,0
O=C(COCC1CC1)N1CCCc2ncccc21,0
O=C(NCc1ccc(F)cc1)c1ccc(-n2ccnc2)nc1,0
O=C(NCCNC(=O)c1cc(-c2ccccc2)nc2ccccc12)c1ccco1,1
O=C(NC1CCCC1)C(=O)c1ccc2c(c1)CCC2,0
COCc1ccccc1CNc1ccc2nnc(-c3ccccc3)n2n1,1
Cc1ccccc1OC1CCN(C(=O)Nc2ccc3c(c2)ncn3C)CC1,1
CC(C)c1nnc(CN2CCN(c3ccccc3Cl)CC2)o1,0
O=C(Nc1ccc(S(=O)(=O)Nc2ccnn2-c2ccccc2)cc1)c1ccco1,1
Cc1ccc2nc(C)c(-c3nc(C)nn3CCO)cc2c1,1
COc1ccc(-c2nnc3ccc(C(F)(F)F)cn23)cc1OC(C)C,0
COCC(=O)Nc1nc(C)c(C)s1,0
Cc1ccc(NC(=O)Cc2c[nH]c3ccccc23)cc1,0
CC(C)C(=O)N1CCC(Nc2ncnc3ccsc23)CC1,1
Cc1nc(NCc2ccc(F)c(Cl)c2)n(C)n1,0
O=C(NCc1cccc(F)c1)c1[nH]nnc1-c1ccccc1,0
Cn1ccc2c(C(=O)Nc3ncn(Cc4cccnc4)n3)cccc21,1
c1ccc2c(N3CCn4c(nnc4C4CC4)C3)ncnc2c1,1
CCCC(=O)Nc1ccc(-n2cccn2)nc1,0
CCn1cc(CN2CCC(c3nc(N(C)C)ncc3-c3ccc(OC)cc3)CC2)c(C)n1,1
Cc1ccc(C)c(C(=O)Nc2cnc3c(c2)c(C)nn3C)c1,0
CC(=O)N1CCC(c2ccccn2)CC1,0
O=C(c1ccc(Cn2nnc(-c3cccc(F)c3)n2)cc1)N1CCCC1,0
Cc1ccc2nc(C)c(C(=O)NOCc3ccccc3)cc2c1,0
Cc1ccc(C(=O)C(=O)NC2CCCC2)cc1,0
COc1cccc(CNc2ncc(-c3ccccc3)n2C)c1,0
O=C(CN1CCCC(c2cncc(-c3cccc(Cl)c3)n2)C1)N1CCCC1,0
Cc1nc2ccccc2c(N)c1C(=O)/C=C/c1ccccc1,0
CCc1ccccc1-c1cn(CCc2cnccn2)nn1,0
O=C(NCc1ccc(F)cc1)c1ccccn1,0
CN1CCN(CCOc2ccccc2N)CC1,0
CNC(=O)CC1CCN(c2ncccn2)CC1,0
Cc1ccc(C(=O)C(=O)Nc2c(C)nn(C)c2C)cc1,0
CCCn1ncnc1-c1ccccc1SC,0
O=C(CCc1cccs1)Nc1ccc(N2CCOCC2)cn1,0
Cc1nccc(-c2cccc(NCC(=O)NCC(=O)N3CCCC3)c2)n1,1
CC(C)C(=O)Nc1ccc2cnn(C(C)C)c2c1,0
O=C(c1ccccc1-n1cccn1)N1CCN(Cc2cccnc2)CC1,1
O=C(O)CCn1c2ccccc2c2ccccc21,0
Cc1c(-c2ccc(O)cc2)n(Cc2ccc(OCCN3CCCCCC3)cc2)c2ccc(O)cc12,1
c1ccc2c(c1)CN(c1cnc3ccccc3n1)CCN2,0
N#Cc1cccnc1NCCc1ccc(F)cc1,0
N#CCCCN1CCC(c2c[nH]c3ccccc23)CC1,0
Cc1nn(C)c(C)c1C(=O)NCc1ccccc1,0
C[C@@H](c1ccc2ccc(O[C@H]3CC[C@@H](C(F)(F)F)CC3)c(C(F)(F)F)c2c1)N1C2CCC1CC(C(=O)O)C2,1
Cc1ccccc1-n1c(CC2CCN(C(=O)C3CC3)CC2)n[nH]c1=O,1
CS(=O)(=O)CCc1nc(C2(c3ccccc3)CC2)nn1-c1ccccc1,1
CC(C)c1noc2nc(C3CC3)cc(C(=O)N3CCN(C)C(=O)C3)c12,1
O=c1[nH]c2ccccc2n1C1CCN(Cc2nnsc2Cl)CC1,1
Fc1ccc(F)c(CN2CCN(Cc3ccc4c(c3)OCO4)CC2)c1,0
c1cc(CN2CCC(c3ccn[nH]3)CC2)ccn1,0
Cc1[nH]c2ccc(Cl)cc2c1CC(=O)N1CCC(Cc2ncncc2C(N)=O)CC1,1
O=C(NCCN1CCC(c2ccccc2)CC1)c1ccc2ncsc2c1,0
c1ccc(-c2noc(NCC3CCC3)n2)cc1,0
c1ccc(-c2n[nH]c(C3CCN(c4cnc5ccccc5n4)CC3)n2)cc1,0
COc1ccc(-c2nc(CC(N)=O)sc2C)cc1.Cl,0
Cn1ccc(CN2CCC(c3cnccn3)CC2)n1,0
Cc1nccn1-c1ccc(F)cc1CNC(=O)C(C)C,1
O=C(CN1CCSC1=O)Nc1ccccc1F,0
COc1ccc(CNCc2cccc3ccccc23)cc1,0
Cc1noc(NCc2cccc(-c3cccnc3)c2)n1,0
CCCn1cnnc1Cn1ccnc1-c1ccc2occc2c1,1
Cc1ccc(NC(=O)CN(C)C(=O)c2ccccc2F)nc1,0
O=C(CCNc1ncccn1)N1CCc2ccccc2C1,0
CN(Cc1cccc(C#N)c1)Cc1cnn(C)c1,0
Nc1cnc(Cc2ccc(F)cc2)nc1,0
Cc1ccc(F)cc1NC(=O)c1cnc2onc(C(C)C)c2c1,0
O=C(CCCc1ccc(F)cc1)N1CCN(c2ccccc2)C(=O)C1,0
CC(C)NC(=O)c1cc(-c2ccccc2)n(-c2ccccn2)n1,0
CS(=O)(=O)NC1CCN(C(=O)NCCc2ccc(F)cc2)CC1,1
Cc1cc(C)c2c(N(C)CCC(C)C)ncnc2n1,0
CN(CC(=O)NC1CC1)C(=O)C1C2CC3CC(C2)CC1C3,0
CCc1nnc(NC(=O)Cc2c(C)noc2C)s1,1
CN1CCCN(c2nc(C(F)(F)F)nc3cc4c(cc23)OCO4)CC1,0
Fc1cncc(-c2cnc(NCc3ccc(Cl)c(F)c3)nc2)c1,0
O=C1CCC(=O)N1CCN1CCCCc2ccccc21,0
O=C(Cc1ccccc1F)N1CCN(c2nccn3nc4c(c23)CCCC4)CC1,0
CCC(=O)NCc1cc(C2CC2)n(C2CCCC2)n1,0
O=C(Nc1nccs1)c1c2c(nc3ccccc13)CCC2,0
CC(C)(C)c1ccc(C2=NC3(CCNCC3)NC2=O)cc1,1
O=C(CCCc1cc(Cl)sc1Cl)N1CCC(O)CC1,0
Cc1cc(C)n(-c2ccc(CNC(=O)C3CCC3)cn2)n1,0
CN1CCC(NS(=O)(=O)C2CN(C(=O)c3cccc(Cl)c3)C2)CC1,1
O=C(NCc1ccc2c(c1)OCCO2)c1sccc1C1CC1,0
NC(=O)CN1CCC(Oc2cccc(F)c2)CC1,0
O=S(=O)(N1CCOCC1)N1CCN(Cc2ccccc2F)CC1,0
COc1ccc(-c2nc(C3CCN(C(=O)c4sc(C)nc4C)CC3)[nH]c2C(N)=O)cc1,1
CCn1c(SC)nnc1C1CCN(C)CC1,1
CC(=O)N1CCN(CCNC(=O)N2CCc3sccc3C2)CC1,1
O=C(Nc1ccccc1-n1ccnc1)c1cccs1,0
Cc1nc2c(c(N(C)Cc3ccccc3)n1)CCN(Cc1ccccc1)C2,0
Cc1nn(-c2ccc(F)cc2)c(Cl)c1C(=O)N1CCC(S(=O)(=O)C(C)C)CC1,1
COc1ccc(CN2CCN(c3cc(C)nc(N)n3)CC2)cc1OC,1
CCN(C(C)=O)c1ccc(C)cc1C(=O)O,0
CCc1ncc2c(n1)CN(c1ccnc(-c3ccccc3)n1)CC2,0
CON(C)C(=O)c1cccc2c(C)c(C)[nH]c12,0
N#Cc1ccccc1-c1ccc(-c2nccn2-c2cccnc2)o1,0
Cc1cc(CNc2ncc(C(F)(F)F)cc2Cl)no1,0
COCCNC(=O)CN1CCN(c2nccn2-c2cccc(Cl)c2)CC1,1
CCCn1ncc2[nH]c(-c3cc(Cn4cncn4)c(C)cc3C)nc21,1
CCc1nnsc1C(=O)Nc1cccc(-c2nnc3n2CCCCC3)c1,1
OC1CCN(c2ncc(-c3cnccn3)c(-c3cccs3)n2)CC1,0
CN(CC(=O)Nc1cc(F)cc(F)c1)c1ccnc(C(N)=O)c1,1
CSc1ncccc1C(=O)Nc1ccc(N2CCCCC2=O)cc1,1
CCC1(CC)NC(=O)N(CC(=O)N2CCOCC3(CCCC3)C2)C1=O,1
Cc1oc(C)c(C(=O)Nc2ccn(C)n2)c1C,0
Cc1nc(C)c2c(C)c(C(=O)N(C)Cc3ccc(C)o3)sc2n1,0
Cc1cccn(Cc2cccc(C#N)c2)c1=O,0
CC(C)(O)C(=O)N1CCC(c2ccc3c(NCc4ccccc4F)n[nH]c3n2)CC1,1
CCCc1cc(N2CCc3c(nc(C(C)C)n3C)C2)n2ncnc2n1,1
CN(Cc1c(F)cccc1Cl)C(=O)c1ccc(-n2ccnc2)nc1,0
Cc1sc(NC(=O)CN2CCOC(C3CCCO3)C2)c(C)c1C,0
Cn1ccnc1CNc1cc(Br)ccc1-n1cccn1,0
O=C(NCCNc1ncccc1C(F)(F)F)c1cnc2ccccn2c1=O,0
O=C(Nc1nncs1)c1cccnc1,0
Fc1ccc(F)c(-c2nc(C3CCOCC3)nn2-c2cccnc2)c1,0
Cc1nc([C@H]2CC[C@H](CNC(=O)CN3CCC(c4ccccc4)CC3)CC2)ccc1C(N)=O,1
O=C(NC1(c2ccccc2)CCC1)c1cc(C2CC2)on1,0
CN(Cc1nnc(C2CC2)n1C)C(=O)C1C2CC3CC(C2)CC1C3,1
CCCCCNC(=N)N/N=C/c1c[nH]c2ccc(OC)cc12,1
COc1ccc(CCn2c(C3CC3)n[nH]c2=O)cc1,0
Cn1c(=O)n(C)c2cc(CN3CCC(c4ccc(Cc5ccccc5F)cn4)CC3)ccc21,1
O=C(NC1CC1)c1cccnc1Oc1ccccc1,0
N#Cc1ccc(CN2CC(n3cccn3)C2)cc1,0
NC(=O)Cn1ccc(-c2ccccc2)n1,0
COc1ccc(C(=O)Cn2c(=O)n(-c3ccccc3F)c3nc(C)nc(C(N)=O)c32)cc1,0
Cc1cccc(NC(=O)c2cccc3ncccc23)c1,0
O=C(O)CNc1nc(-c2ccccc2)nc2ccccc12,0
COCCS(=O)(=O)N1CCC2(Cc3ccccc3C2)C1,0
Cc1cnn(Cc2nnc(-c3ccccc3)s2)c1,0
O=C(NCC1CCC1)c1ccc(-n2ccnc2)nn1,0
CC1(c2nnc(-c3cc(-c4ccccc4)n[nH]3)o2)CCOCC1,0
COc1ccc2nc(C)c(C(=O)Nc3ccccc3N3CCCC3)cc2c1,0
Cc1nnsc1CN(C)c1ccc2cc[nH]c2n1,0
O=C(c1ccc(O)nc1)N1CCN(c2ncccn2)CC1,1
COc1ccc(NC(=O)c2snnc2C)c(OC)c1,0
Cc1ccc(F)c(N(C#N)Cc2nccn2C(F)F)c1,0
CC(=O)N1CCCN(C(=O)Nc2ccc(N(C)C3CCCCC3)c(F)c2)CC1,1
CN(C)c1ncn(-c2cccc(N)c2)n1,0
Cc1ccc(-n2nc(C(C)(C)C)cc2NC(=O)Nc2ccc(OCCN3CCOCC3)c3ccccc23)cc1,1
c1ccc(-c2cc3c(N4CCC(c5ncc[nH]5)CC4)ncnc3s2)cc1,1
C=CCNC(=O)C1(Cc2ccc(-c3ccccc3)cc2)CCN(C(=O)c2cccnc2)CC1,1
CCC1(O)CN(c2ncnc3c2c(Br)nn3C)C1,0
Cc1cccc(NC(=O)c2ccc3ccccc3c2)n1,0
c1ccc(-c2c(-c3ccc(OCCN4CCCC4)cc3)[nH]c3ncnc(NCC4SCCS4)c23)cc1,1
CC(=O)NCC1CCN(C(=O)c2cncn2-c2ccc(F)cc2)CC1,1
Cn1cc(CCNC(=O)N2CCc3sccc3C2)cn1,0
Cc1cc(CCCC(=O)NC[C@H]2CC[C@H](c3ccc(C(N)=O)c(C)n3)CC2)ccc1F,1
COC1CCN(C(=O)Nc2cc(C(F)(F)F)cc(C(F)(F)F)c2)CC1,0
Cc1cccc(Oc2cc(CN)ccn2)c1C,0
Cc1ccc2c(CC(=O)N(C)Cc3nnc4n3CCC4)coc2c1C,1
CC(C)(C)c1nnnn1CC(=O)NC12CC3CC(CC(C3)C1)C2,0
COc1cccc(CC(=O)Nc2ccc3nc(C)sc3c2)c1,0
Cc1cc(C)c(CC(=O)N2CC(CO)C2)c(C)c1,0
Cc1sc2nc(CN3CCCC3)nc(N)c2c1C,1
Cc1nn(CCC#N)c(C)c1Oc1ccccc1O,0
OC1(Cn2nnc(-c3cccnc3)n2)CCCCC1,0
Cc1cc(C(=O)NCCc2ccccn2)c(C)s1,0
Nc1ccc(Oc2ccccc2F)nc1,0
Cn1c(-c2ccc(F)cc2)cnc1NC(=O)CCC(=O)N1CC(=O)Nc2ccccc21,1
Cc1nc(CN2C(=O)CN(C3CCCC3)C2=O)nc2ccccc12,0
CCOC(=O)c1cccnc1-c1cccc2ccnn12,0
COc1cc2c(cc1OC)CN(C(=O)C1CCCN(C(=O)Nc3ccccc3)C1)CC2,1
NC(=O)c1ccccc1NC(=O)CN1CCCC(c2nc3ccccc3o2)C1,1
O=C(c1cccc2ccccc12)N1CCCC(C(=O)N2CCc3ccccc3C2)C1,1
O=C(CN1CCCC(c2nc3ccccc3o2)C1)Nc1ccc(OC(F)(F)F)cc1,0
CC(C(=O)Nc1ccc(C(N)=O)cc1)N1CCCC(c2nc3ccccc3o2)C1,1
Cc1ccc(NC(=O)CN2CCCC(c3nc4ccccc4o3)C2)cc1C,0
Cc1nc(O)cc(C2CN(C3CCCCC3)C2)n1,1
CN(C(=O)C1CCN(c2ncccn2)CC1)C1CCCCCCC1,0
CCS(=O)(=O)N1CCC(C(=O)N(C)C2CCCCCCC2)CC1,0
COc1ccnc(N2CC(n3nc(C)cc3C)C2)n1,0
Cc1cc(Nc2ccc(F)cn2)cc(C2CCN(C(=O)COc3ccccc3F)C2)n1,1
COCCOCc1ccc(-c2cc3onc(-c4ccccc4)c3c(=O)n2C)cc1,0
Cc1ccc(S(=O)(=O)N2CCC[C@H](C(=O)NC3CCOCC3)C2)cc1,1
COc1ccc(CNC(=O)CCCOc2ccc(C(C)=O)cc2)cc1,0
CCc1ccc(-c2nccn2CC(=O)Nc2ccc(C)cc2F)nc1,0
Cc1cc(NC(=O)C2CCN(c3ccncc3Cl)CC2)no1,0
Fc1cccc(CN2CCN(c3ncccn3)CC2)c1,0
CCN(Cc1ccccc1)C(=O)c1ccc(O)cc1O,0
CCN(Cc1ccccc1)C(=O)c1cccnc1N,0
Cc1nc(-c2cc(C)on2)n(CCc2ccccc2)n1,0
CCCNC(=O)c1ccnc(N(C)C)c1,0
O=C(NCC(=O)N1CCN(C2CC2)CC1)c1ccccc1,0
CCc1cc2c(cc1N1CCC(N3CCOCC3)CC1)C(C)(C)c1[nH]c3cc(C#N)ccc3c1C2=O,1
CCN(C(=O)c1cc(NC(C)=O)ccc1F)C1CCCC1,1
Cc1ccccc1C(=O)Nc1nc(C)c(C)s1,0
CC(C)c1cc(C(=O)N2Cc3ccc(CN4CCN(C)CC4)cc3C2)c(O)cc1O,1
COc1ccccc1C(=O)Nc1cccc(C#N)c1,0
CC(=O)Nc1ccc(C(=O)N2CCc3ncncc3C2)cc1,1
CC(C)c1nnc(NCc2ccn(C)c2)o1,0
CC(C)N1CCC(O)(c2ccccc2F)CC1,0
CN(Cc1cnn(C)c1)C(=O)c1ccccc1-c1ccccc1C#N,1
O=C(CN1CCc2ccccc21)N1CCC(c2nc3ccccc3[nH]2)CC1,1
O=c1[nH]c2ccccc2n1C1CCN(CCc2ccccn2)CC1,1
CC1Cc2ccccc2N1C(=O)CN1CCC(n2c(=O)[nH]c3ccccc32)CC1,1
Cc1ccc(NC(=O)C(C)(C)c2ccccc2)nc1,0
O=C(NCc1ccc(F)cc1)C1CCN(C(=O)/C=C/c2ccccc2)CC1,1
COCCNc1cc(NC(=O)N2CCCc3cc(CN4CCN(C)CC4=O)c(C=O)nc32)ncc1C#N,1
CC(C)(C(=O)NCc1ccccn1)c1ccccc1,0
O=C(Nc1ccccc1-n1ccnc1)c1ccc(F)cc1,0
O=C(Nc1ccc(C(=O)O)c(O)c1)c1ccc(NC(=O)c2cccs2)cc1,0
CC(C(=O)N1CCc2sccc2C1)N1CCCN(c2ccccc2C#N)CC1,0
CC(C)CN1C(=O)C(=O)N(Cc2ccccn2)C1=O,0
CON(C)C(=O)CCc1c(C)nn(C)c1C,0
CN1CCN(c2ncncc2-c2nc(-c3ccccc3)no2)CC1,0
O=C(CNc1ccc(C(=O)N2CCCC2)cc1)N1CCCCC1,1
COc1ccc(C)cc1-c1cccnc1O,0
N#Cc1cccc(-c2ccc3[nH]ccc3c2)n1,0
O=C(O)c1nc(-c2ccccc2)oc1-c1ccccc1,0
COc1ccc(C)cc1-n1ccc(C(=O)NC(C)C)n1,0
CC(C)c1csc(NC(=O)C2CCN(c3ncccn3)CC2)n1,0
CN1CCN(C(=O)C2(NC(=O)c3ccc(C(F)(F)F)cc3)CCCC2)CC1,1
CN(CCc1ccccn1)C(=O)Nc1nncs1,0
CC1CCN(Cc2ccc(NC(=O)c3ccccn3)cc2)CC1,0
COc1ccc(CNc2ncc(-c3ccc4c(c3)OCO4)n2C)c(OC)c1,0
CN(C)C(=O)c1ccc(NC(=O)c2cccc(F)c2)cc1,0
Cc1cccc(NC(=O)CN(C)c2ncccc2F)n1,0
C[n+]1cc2c3c(ccc2c2ccc4cc5c(cc4c21)OCO5)OCO3,1
Cc1ccc(C)c(S(=O)(=O)N2CCCN(CCn3cccn3)CC2)c1,0
CCOCC(=O)N1CCC2(CCc3ccccc3O2)CC1,0
CCNC(=O)N1CCC2(CCc3ccccc3O2)CC1,0
CCOc1ccc(Nc2nc(-c3c(C)nc4ccccn34)cs2)cc1,0
CCc1ccc(S(=O)(=O)NCc2ccnc(N3CCCC3)n2)cc1,0
Cc1noc(C2CCN(C(=O)C3(c4cccc(F)c4)CCC3)CC2)n1,0
Fc1ccc(NCc2cccc(OCCN3CCOCC3)c2)nc1,0
Cc1ccccc1-n1nc(C(C)(C)C)cc1N,0
COc1cccc(CN2CCC(Cc3ccc(-c4cccnc4)cc3)(C(N)=O)CC2)c1,1
Cc1cccn(Cc2cccnc2)c1=O,0
c1nc(NC2CCN(C3CC3)CC2)c2sccc2n1,0
O=C(NCc1nncn1-c1ccccc1)C1CCCC1,1
Cc1ccc(-c2ccccc2-c2nc3c(cnn3C3CCN(C)CC3)[nH]2)o1,1
COCc1nc(-c2cc(F)ccc2F)c(C)s1,0
Cn1ncc2c(Oc3cccc(C(C)(C)C)c3)ncnc21,0
N#Cc1ccccc1Cn1nnc(-c2ccccc2)n1,0
Cc1cccn(Cc2ccccc2F)c1=O,0
N#CCCN(C(=O)c1sccc1C#N)C12CC3CC(CC(C3)C1)C2,0
CN(Cc1ccccn1)c1nc2ccccc2o1,0
Cc1ccc(C(=O)NCC#Cc2ccccc2)cn1,0
Cc1cc(C)nc(NC(=O)N(C)C2CCC2)c1,0
CCCCN(C)C(=O)Nc1cc(C)ccn1,0
CC1(C)Cc2cc(CN3CCC4(CC3)NC(=O)N(Cc3ccccc3)C4=O)ccc2O1,1
Cc1oc(C)c(C(=O)N(C)Cc2ccccc2N2CCOCC2)c1C,0
c1ccc(CCc2n[nH]c(-c3cccc4cnccc34)n2)cc1,0
COc1cc2cc(N)c(C3CCN(C(=O)C(C)(C)C)CC3)nc2cc1OC,1
Nc1nncc(-c2ccccc2OC(F)F)n1,0
Cc1cccc(C(=O)N(C)CCc2cnccn2)c1,0
O=C(NCc1ncc(-c2ccccc2)o1)C1CCCCC1,0
CC1CCN(CC(=O)Nc2nc(-c3c[nH]c4ccccc34)cs2)CC1,0
CNC(=O)Cn1ccc2cc(OC)ccc21,0
C#CCNC(=O)c1cc(C(C)C)nn1CC,0
CCOC(=O)N1CCN(C(=O)Nc2cccc3c2CCCC3)CC1,0
Cc1cccc2sc(NC(=O)C(C)(C)C)nc12,0
Cc1cccc(NC(=O)c2ccccc2-c2ccccc2)n1,0
Cc1sc(-c2ccccn2)nc1-c1ccc(NC(=O)C(C)C)cc1,0
Cc1c(C(=O)NC2CCN(CC3CCCCC3)CC2)cnn1C,1
COc1cc(F)c(NCC(=O)Nc2ccc(C)cc2)cc1OC,0
CC(=O)N1CCC(C(=O)Nc2nccs2)(c2ccccc2)CC1,1
O=C(NCC1=CCCN(Cc2cc(F)ccc2Cl)C1)c1ccco1,0
c1ccc(Cc2nnc(NC3CCOCC3)s2)cc1,0
Cc1ccc(CCNC(=O)c2ccncc2)o1,0
CC(C)(O)CNc1ncc(-c2ccnc(Nc3ccnc(Cl)c3)n2)c(CC2CC2)n1,1
NC(=O)C1CCN(C(=O)CCc2ccc(Cl)cc2)CC1,1
O=C(CCc1cc2ccccc2o1)N1CCN(c2cnccn2)CC1,0
COc1cccc(N(C)CCC(=O)N2CCC(c3ccc(-c4ccc(N)nc4)cn3)CC2)c1,1
CC1(C)COCCN1Cc1cnn(-c2ccccc2)n1,0
CN(CC(=O)Nc1ccncc1)C1CCCC1,0
CCn1cc(NC(=O)c2ccccc2C)cn1,0
Cc1sc2nc(CN3CCOCC3)nc(N3CCN(c4ccncc4)CC3)c2c1C,1
COc1ccccc1-c1nn(-c2ccccc2)cc1CO,0
CCc1nc(CN2C(=O)COc3ccc(F)cc32)cs1,0
CCCCn1nc(-c2ccc(C)o2)nc1CNC,0
NCc1cccnc1OCc1ccccc1,0
Fc1ccc(-n2nc(C3CCOCC3)nc2-c2cn[nH]c2)c(F)c1,1
CC(C)(C)c1nc(Cn2nnc3ccccc3c2=O)no1,0
O=C(CN1CCOC(c2ccc(F)cc2)C1)Nc1ccccc1OC(F)F,0
COc1ccc(NC(=O)C(C)N2CCCN(c3ccc(C(F)(F)F)cn3)CC2)cc1,0
Cc1ccc(C(=O)N(C)C)cc1NS(C)(=O)=O,1
CS(=O)(=O)N1CC(c2n[nH]c3ncccc23)C1,0
CN1C(=O)COc2ccc(NC(=O)CCN3C(=O)COc4ccc(Cl)cc43)cc21,1
N=C(N)N/N=C/c1c(Cl)cccc1Cl,0
CCOC(=O)Cc1c(C)[nH]c2c(-c3ccccc3)cnn2c1=O,1
Cc1c(CN2CCC(Nc3ncnc4sc(CC(F)(F)F)cc34)CC2)ccc2c1cc(C#N)n2Cc1cn[nH]c1,1
COc1ccc(-c2csc3ncnc(Oc4ccc(C)nc4)c23)cc1,0
Cc1n[nH]c(C)c1Cc1ccc(NCCC(C)C)cc1,0
CC(C)(C)c1ccc(=O)n(CC2CN(CC3(O)CCCC3)C2)n1,1
O=c1ccc(C2CC2)nn1CC1CN(CC2(O)CCCC2)C1,1
Cc1nnc(NCc2cccnc2)c2ccccc12,1
Cc1c(C)n(Cc2ccccc2)c2ncnc(N)c12,0
CCCCc1c(C)[nH]c2nc(N(Cc3cccs3)C(C)=O)nn2c1=O,1
O=c1c2c(nc3ccccn13)CCN(S(=O)(=O)C1CCCCC1)C2,0
O=C(NC1CCN(c2ccc(OC(F)(F)F)cc2)CC1)N1CCC1,0
CNC(=O)c1cccc(Cn2nnc(-c3ccccc3Cl)n2)c1,1
COc1ccc(-c2cn3c4ccccc4nc3n2CCO)cc1,0
Cc1ccc(C(=O)NCCc2csc(C)n2)cn1,0
O=C(NCCc1ccccc1)c1cnccn1,0
CN(C)C(=O)OCCN1CCC(c2c[nH]c3ncccc23)CC1,1
Cc1nc(CC2CCN(S(=O)(=O)c3c(C)noc3C)CC2)cc(NC2CCCC2)n1,1
CN(Cc1ccccc1N1CCCC1)C(=O)c1cccc(Cn2ccnc2)c1,1
Cc1cnc(NCc2ccccc2-n2ccnc2)nc1N(C)C,1
COc1ccc2ccccc2c1CNC(=O)c1cnc(C2CC2)nc1,0
COc1ccc(-c2ccc(CN(CCN3CCOCC3)Cc3cccnc3)cc2)cc1,0
COc1ccc(C2(NCc3cccc4ncccc34)CC2)cc1,0
CC(=O)c1ccc(OCCCCN2CCCC2)cc1,0
CSCc1csc(NC(C)=O)n1,0
CN(C)c1cc(CNc2ccc(C#N)cn2)ccn1,0
CC(C)(C)n1ncc(C(=O)N2CCCn3ncnc32)c1C(F)(F)F,0
c1cnc(-n2cccn2)c(CNC2CCCC2)c1,0
CCc1nnc(Oc2cccnc2)c(C#N)c1CC,0
Cc1nc(N(C)C)nc(C)c1NC(=O)C1CCCCC1,0
CCc1cnc(C)nc1-c1ccc(-c2ccn[nH]2)cc1,0
Cc1cn(CCN2CCN(c3ccccc3-c3cc(C#N)cc(C(=O)NCCCN4CCCC4)c3)CC2)c2ccccc12,0
CCN1CCN(Cc2ccc(Nc3ncc(F)c(-c4cc(F)c5nc(C)n(C(C)C)c5c4)n3)nc2)CC1.CS(=O)(=O)O,1
CC(C)Cc1sc(N)nc1-c1ccc(P(=O)(O)O)o1,0
O=c1c(-n2ccnn2)c[nH]n1-c1cc(N2CCOCC2)ncn1,0
Cc1ccccc1CSc1ccc(-c2ccccn2)nn1,0
CC(C)c1noc(CN2CCC(n3c(=O)[nH]c4ccccc43)CC2)n1,1
CCC1(O)CN(c2ncccc2C#N)C1,0
Cc1ccc(C(=O)O)cc1NS(=O)(=O)c1csc(C(=O)Nc2ccccc2)c1,0
CC(C)(C)C(=O)Nc1nnc(Cc2ccccc2)s1,0
CC(C)(CO)NCCCCn1c2ccccc2c2ccccc21,1
Cn1c(=O)n(C2CCCC2)c(=O)c2c(F)cccc21,0
Cc1noc2ncc(C(=O)Nc3nc(C4CC4)cs3)cc12,0
Cc1ccc(CNC(=O)c2cccnc2)n1C,0
CN1CCc2nc(NC(=O)c3cncn3-c3ccccc3)sc2C1,1
Cc1ccc2cccc(OCC(=O)N(C)c3ccccc3)c2n1,0
FC(F)(F)COc1ccc(CN2CCc3c(cnn3-c3ccccc3)C2)nn1,0
COc1ccccc1CC(=O)NC1CCN(C)CC1,1
Fc1ccccc1CNc1nc(-c2ccccc2)no1,0
CC(=O)NC1(C(=O)N2CCCN(c3cccnn3)CC2)CCCCC1,1
CNC(=O)c1cccc(Oc2ncnc3c2CN(C)CC3)c1,1
N#Cc1ccccc1N1CCC(N)CC1,0
N#Cc1ccc(Cn2cncn2)c(F)c1,0
Fc1cccc(Cl)c1CNCCc1c[nH]c2ccccc12,0
CN(C)S(=O)(=O)Nc1ccc(-n2ncc3ccccc32)cc1,0
Cn1cnnc1CCn1ccnc1-c1cc2ccccc2s1,1
CC(=O)N1CCc2ccc(N(C(=O)/C=C/c3cccc(C#N)c3)C3CCN(CCC4CCCC4)CC3)cc21,1
Cc1ccc(C(=O)Nc2cccc(C(=O)N(C)C)c2)cn1,1
CC(C)c1noc(-c2ccc(N(C)Cc3cccnc3)nc2)n1,0
CCc1nc(NC(=O)c2ccccc2F)sc1C,0
Cc1ccc(NC(=O)CN2CCCN(c3ccc(C(F)(F)F)cn3)CC2)cc1,0
O=C(CN1CCCN(c2ccc(C(F)(F)F)cn2)CC1)Nc1cccc(F)c1,0
O=C(CCc1ccco1)Nc1ccccc1OC(F)F,0
Cn1cc(C(=O)NCCc2c[nH]c3ccccc23)c(-c2cccnc2)n1,1
Cc1noc(C)c1CCC(=O)Nc1cccnc1,1
CCCN1CCCN(c2ncccc2C#N)CC1,0
CSCc1c(C(=O)NC(C)C)oc2ccccc12,0
Fc1ccc(F)c2c(NCc3ccc(N4CCOCC4)nc3)ccnc12,0
COc1ccncc1NCc1ccc2c(c1)OCCO2,0
Cn1cc(CCNC(=O)N2CCCc3c(F)cccc32)cn1,0
Cc1ccc(-n2ccnc2-c2ccoc2)c2cccnc12,0
O=C(c1cnc(-c2ccccc2)s1)N1CCOC2(CCCC2)C1,0
Clc1ccccc1CNCc1ccc2c(c1)OCCO2,0
Cc1cccc(-c2nc(CN(Cc3cnn(C)c3)C(C)C)c(C)o2)c1,0
O=C(Cc1ccc2ccccc2c1)NCCc1nc2ccccc2[nH]1,1
Cc1ccc(C(=O)Nc2ccccc2C(C)(C)C)cn1,0
c1ccc(-c2nsc(N3CCCN(c4nccs4)CC3)n2)cc1,0
Cc1nc(N)c2c(C(F)(F)F)cc(C3CCN(C(=O)Cc4ccc(F)cc4)CC3)nc2n1,1
CCCC(=O)Nc1cnc(N2CCN(C)CC2)nc1,0
CN(CC(=O)N(C)C)Cc1cc(C#N)ccc1F,0
O=C(CCc1ccc2c(c1)OCO2)Nc1cccc2cnccc12,0
Cc1cc(C)c(S(=O)(=O)Nc2ccc(N(C)C)cc2)c(C)c1-n1cnnn1,1
COc1ccc(CCC(=O)N2CCN(C(=O)c3cc4n(n3)CCCC4)CC2)cc1,1
Cc1ccc(-n2c(S)nnc2-c2ccc(O)cc2)c(C)c1,1
Cc1nccn1-c1cncc(N2CCN(CC3CCCC3)C(=O)C2)n1,1
N#Cc1c(O)nc2scc(-c3ccc(-c4ccccc4O)cc3)c2c1O,0
CN(CC(=O)NC1(C#N)CCCC1)c1ccccc1,0
CCOc1ccc(CC(=O)NCCn2cccnc2=O)cc1,1
Cc1ccc(C)c(S(=O)(=O)N2CCCN(C3CCC3)CC2)c1,0
COc1c(N)ncnc1N1CCCC(C)(C)CC1,0
COc1ccc(-c2nnc(-c3ccccc3)o2)cc1OC,0
O=C1CCCN1c1ccc(NCc2ccccn2)nc1,0
Cc1csc(N2CCN(Cc3ccc(OCC(F)(F)F)nc3)CC2)n1,0
CNc1nc(-c2cc(OC)cc(OC)c2)ncc1F,0
COc1ccccc1-c1nc(C(=O)O)cs1,0
CCCn1c(=O)n(Cc2ccc(C#N)cc2F)c2ccccc21,0
OCCCCCn1cc(-c2ccccc2-c2ccco2)nn1,0
Cc1ccc(C2=NC3(CCN(Cc4ccc(F)cc4)CC3)NC2=O)cc1,0
O=C(NCc1ccccn1)c1ccc(F)cc1Cl,0
Nc1ccc(CC(=O)Nc2ccccc2F)cc1,0
COc1ccc(CN(C)C(=O)Nc2ccccc2)cc1F,0
CC(C)c1ccc(-c2cc3c(=O)n(CCC(=O)NCCN(C)C)ccn3n2)cc1,1
CCOC(=O)Nc1ccc2c(c1)N(C(=O)CN(CC)CC)c1ccccc1CC2,1
COc1cc(Nc2ncc3c(n2)-c2ccc(Cl)cc2C(c2c(F)cccc2OC)=NC3)ccc1C(=O)O,1
Cc1nccc(-c2cccc(NCc3cc(C)on3)c2)n1,0
O=C(CN1CCCN(c2ccc(C(F)(F)F)cn2)CC1)Nc1ccccc1Cl,0
Cc1ccc(C)c(NC(=O)CN2CCCN(c3ccc(C(F)(F)F)cn3)CC2)c1,0
Cc1cc(CN2CCN(c3ncccn3)CC2)on1,0
CCc1nnc2n1CCN(C(=O)c1ccccc1Oc1cccnc1)C2,1
CNC(=O)c1cc(C2CCN(C)CC2)ncn1,0
Cc1cc(N(C)C)nc(N(C)Cc2csc(C)n2)n1,0
Cc1cccc(N2CCN(C(=O)c3cncnc3C(C)C)CC2)c1,0
Cc1cnn(C2CN(CC3(O)CCCCC3)C2)c1,0
CN(Cc1cscn1)c1nc2c(cc1C#N)CCC2,0
N#CCSCC(=O)NC1CCCCCC1,0
Cc1cc(CNc2cc(C(=O)N(C)C)ccn2)sc1Br,0
CCC(Nc1cnn(C)c1)c1ccc2c(c1)OCCO2,0
CC(C)c1cccc(CN2C(=O)N(C)C3(CCCCC3)C2=O)n1,0
Cn1c(CNc2ccc(C(=N)N)cc2)nc2cc(C(=O)N(CCC(=O)O)c3ccccn3)ccc21,0
Brc1cc2c(cc1Cn1cncn1)OCCCO2,0
COCCNc1ncnc2ccsc12,0
O=C(c1ccccn1)N1CCCC(c2cccc(-c3cccc(Cl)c3)n2)C1,0
CN1CCN(c2ccc(NC(=O)c3ccc(S(=O)(=O)N4CCCc5ccccc54)cc3)cc2)CC1,1
Cc1cnn(Cc2nc(Cn3cccn3)no2)c1,0
COc1ccccc1CC(=O)Nc1ncc(C)s1,0
CCCN(CC)c1ccc(C(=O)N2CCCN(C(C)=O)CC2)cc1,1
Cc1c(Cl)cccc1NC(=O)C(C)N1CCCN(c2nccs2)CC1,0
Cc1nc(N2CCOc3ccccc3C2)c2cnn(C)c2n1,0
COCC(=O)Nc1cccc(-n2cccc2)c1,0
CO[C@H]1CC[C@@H](C(=O)c2ccc3nc4c(cc3c2)CCCO4)CC1,0
Cc1cnc(-c2nc(NCc3ccccn3)ncc2-c2onc(C)c2C)cn1,1
CCNC(=O)c1ccc(-c2cc(C)cc(OC)c2OC)nc1,0
Cc1ccc(C)c(OCCN(C)C(=O)c2ccc3c(c2)nnn3C)c1,0
COc1ccc(N2CCCN(CC3CCN(C(=O)C4CC4)CC3)CC2)cc1,0
CCc1nc2ccccc2n1CC(=O)Nc1ncc(C)s1,1
O=C(CSC1CCCC1)NCCn1nc2c(cc1=O)CCCC2,1
O=c1ccc(-c2ccc(F)cc2)nn1Cc1ccncc1,0
Cc1cc(C)c2c(c1)CCCN2C(=O)c1ccc(-c2nnc(C)o2)cc1,0
CCC(=O)N(C)c1ccccc1C(=O)O,0
CCc1cnc(CNC(=O)N2CCC(n3cncn3)CC2)s1,1
C#CCOc1ccc(C(=O)NN2CCCC2=O)cc1,0
COC(=O)c1ccc(NC(=O)N(C)Cc2ccccc2CN2CCCC2)cc1,1
COc1cc2ncnc(Nc3ccc(F)c(Cl)c3)c2cc1OCCCN1CCOCC1,1
COc1ccc(C(=O)Nc2ccc3oc(C)nc3c2)c(OC)c1,0
O=C(NCC1CC1)c1ccc(-n2ccnc2)nc1,0
Fc1cccc(OC2CCN(Cc3nc4ccccc4[nH]3)CC2)c1,0
Cc1ccc(CN(C)c2ncnc3c2cnn3C)o1,0
O=C(CN1CCC(c2ccccc2)CC1)N1CCNC1=O,0
O=C(CCCc1nc2ccccc2[nH]1)N1CCCC1,1
C=CCN(Cc1cccnc1)c1nc(C)nc2sccc12,0
Cc1nc(N(C)C)cc(C2(C)CCNCC2)n1,1
O=c1ncn2nc(Sc3ccc(F)cc3F)ccc2c1-c1c(Cl)cccc1Cl,1
Cc1ccc(CN(C)C(=O)c2cn(Cc3ccccc3F)nn2)cc1,0
Cc1nnc(NC(=O)c2ccccc2-c2ccc(C(F)(F)F)cc2)s1,0
N#CCCN(C(=O)c1cccs1)C12CC3CC(CC(C3)C1)C2,0
CON(C)C(=O)Cc1c(C)[nH]c2ccccc12,0
Cc1cccc(Oc2ncccc2N)c1C,0
CC(C)c1cnc(COc2ccc(Br)nc2)o1,0
CCN1CCC(n2cc(CNc3cc(Cl)c4ncc(C#N)c(Nc5ccc(F)c(Cl)c5)c4c3)nn2)CC1,1
CN1CCCN(C(=O)NCCOc2ccc3c(c2)OCO3)CC1,1
N#Cc1ccc(CCC(=O)Nc2ccncc2)cc1,0
Cn1c(=O)c2c(nc3n2CCN3Cc2c(F)cccc2Cl)n(C)c1=O,0
C#CCNC(=O)Cc1coc2cc(OC)ccc12,0
CN(C)c1nc(N)nc(Sc2ccccc2)n1,0
Cc1c(C(=O)N2CCC(C(=O)Nc3ccc4c(c3)OCO4)CC2)oc2c(F)cccc12,0
O=C(NCC1CC1)c1cncn1-c1ccc(F)cc1,0
CCc1cc(CN(C)c2nccc(-c3ccc(C)nc3C)n2)on1,0
Cc1cc(C(=O)NCCC2=CSC3=NCCCN23)c2cccc(C)c2n1,1
Nc1nc(-c2ccccc2)nc2nc(C3CCCN(CC(=O)N4CCCC4)C3)ccc12,1
COc1cc(C(=O)O)c(N)c(OC)c1OC,0
CC(C)(C)N1CCCN(C(=O)CNc2ccc(C#N)cc2)CC1,0
COc1ccc(CNC(=O)c2cc(-c3cncc(C)c3)ncc2-c2nccs2)nc1OC,1
Cc1sc(C)c(C(=O)NC2(c3ccc(C(=O)O)cc3)CC2)c1Cc1ccc(C(F)(F)F)cc1,1
COc1cccc(CN2Cc3ccccc3OC3(CCOCC3)C2)c1,0
NC(=O)COc1ncnc2ccccc12,0
CN(C)CCN(Cc1ccccc1)Cc1ccccc1O,0
Cc1n[nH]c(C)c1CCC(=O)N1CCOCC1,1
Cn1nccc1CC1CCN(C2CCCC2)CC1,0
C=C(C)COc1cccc(C(=O)NCc2nncn2C2CCCCC2)c1,1
Cc1cnc(Cl)nc1-c1ccc(N(Cc2ccc(CNC(=O)C(F)F)cc2)C(=O)c2ccc(O)cc2O)cc1,1
CC(=O)Nc1cccc(CN2CCCN(C(C)=O)c3ccccc32)c1,1
Cc1cccnc1NC(=O)Cc1coc2c(C)c(C)ccc12,0
Cc1cccc(C)c1OCC(=O)N(C)C1(C#N)CCC1,0
CS(=O)(=O)Cc1ccn(-c2ccccc2)n1,0
CC1=NN(c2ccc(F)cc2)C(=O)/C1=C(/C)Nc1ccc(S(N)(=O)=O)cc1,1
CN1CCC(OC(=O)Nc2ccc(Cl)c(Cl)c2)CC1,0
Cc1ccc2c(c1)cc(CNCCc1ccccc1)c1nnnn12,0
CC(=O)Nc1ccnn1C1CCN(Cc2ccccc2C#Cc2ccccc2)CC1,1
Cc1nnc(-c2ccccc2-c2ccc(O)cc2)s1,0
CCc1cnc(NCc2ccc(CN3CCCC3)cc2)nc1,0
CCCNC(=O)c1c(C)nn(-c2ccccc2)c1C,0
Cc1nc(COc2ccc(F)cc2)sc1C(=O)N1CCC(C)CC1,0
O=C(NCCN1CCC(O)(c2cccc(F)c2)CC1)c1cccc(F)c1,1
COC(=O)c1cc(F)c(C)c(NC(=O)CCCc2ccccn2)c1,0
COc1ccc(C)cc1-n1ccc(C(=O)Nc2c3c(nn2C)CCC3)n1,0
CN(c1ccc(NC(=O)Nc2ccc(OC(F)(F)F)cc2)cc1)c1ccnc(Nc2cccc(S(N)(=O)=O)c2)n1,1
NC(=O)c1cnc(NC2CC2)nc1CCNC(=O)C1(c2cccc(F)c2)CCOCC1,1
Cn1nc(C2CC2)c2[nH]c(-c3cccc(CN4CCOCC4)c3)nc21,1
Fc1cccc(CCNCc2cc(-c3ccccc3)cn3nnnc23)c1,0
O=C(O)c1cccc(N2CCC(Oc3ccc(Cl)cc3)CC2)n1,0
c1ccc(C(c2ccccc2)c2noc(Cn3cnc(C4CC4)n3)n2)cc1,0
Nc1nc(CN2CCN(c3ccc(F)cc3)CC2)cs1,0
COC(=O)Nc1ccc(Oc2nc3ccccc3o2)cc1,0
CC1(C)CN(C(=O)c2cncc(Br)c2)CCO1,0
CN1CCc2nc(NC(=O)c3ccc(Cl)s3)sc2C1,0
O=C(Nn1cnc2ccccc21)c1c2c(nc3ccccc13)CCC2,1
Cc1cccc(N(C)C(=O)COC2CCCC2)n1,0
Cc1cc(C(=O)Nc2cccc(-c3cnco3)c2)c2c(C)nn(C)c2n1,0
CCN(CC)CCCNc1ncc(-c2cc(C)no2)c(-c2ccco2)n1,1
Clc1ccc(C2(c3ccc(-c4cn[nH]c4)cc3)CCNCC2)cc1,1
OCCn1cc(-c2ccc3c(c2)CC/C3=N\O)c(-c2ccncc2)n1,1
Fc1ccc(CNc2nnc(-c3ccc4c(c3)OCO4)o2)cc1,0
Cc1oc(C)c(C(=O)NCC#Cc2ccccc2)c1C,0
CNC(=O)c1sc2ncccc2c1[C@H]1CC[C@H](CNC(=O)CCc2ccccc2)CC1,1
Cc1cc(NCc2ccnc(N3CCCC3)c2)c2ccccc2n1,1
Cc1nccc(-c2cccc(NCC(=O)N3CCCCCCC3)c2)n1,0
Cc1ccc(-c2cnc(N)cn2)c2cccnc12,0
COc1ccc(CNC(=O)c2nnn(-c3ccc(OC)cc3)c2N)cc1,0
O=C(NC1CCCCC1)C1CCN(c2ccncc2Cl)CC1,0
c1ccc(C2(c3ccccc3)CCCN(Cc3nnc(C4CC4)o3)C2)cc1,0
Cc1nn(C)c2ncnc(N(C)Cc3cccc(Cl)c3)c12,0
CN(C)C1CN(c2nc(-c3cnccn3)nc3sc4c(c23)CCCC4)C1,0
CC(C)c1nc(CCn2ccnc2-c2ccoc2)cs1,0
Cc1cc2occ(CC(=O)NC3CCN(C)CC3)c2cc1C(C)C,1
CCOC1CCN(C(=O)Cn2c(=O)[nH]c3ccccc32)CC1,1
Nc1ccccc1OCCn1ccnc1,0
CCCCCCNc1ncnc2[nH]ccc12,0
Cc1cc2cc(C(=O)N(Cc3ccc4c(c3)OCO4)C3CC3)ccc2o1,0
CCOc1ccccc1C(=O)N1CCC(c2nc(-c3ccc(OC)cc3)c(C(N)=O)[nH]2)CC1,1
COc1cccc(-n2nc(C(=O)O)cc2-c2ccc(C3CCCCC3)c(Cl)c2)c1,0
Cn1cc(NC(=O)c2cn(Cc3ccccc3)nn2)cn1,0
CCc1noc(-c2ccc(CCN)cc2)n1,0
O=C(O)CCC(=O)Nc1ccccc1-c1nc2ccccc2[nH]c1=O,0
O=C(NCCc1cn2c(n1)CCCC2)c1ccccn1,1
Cc1cc(C)n(-c2cccc(NC(=O)c3ccc(F)c(F)c3)c2)n1,0
O=C(CN1CCc2ccccc21)N1CCNC1=O,0
O=C(O)c1c2ccccc2nn1Cc1ccccc1,0
Cc1nc2cc(-c3nccn3C)nn2c(NCc2cccnc2)c1C,1
COc1cc(OC)c(OC)cc1CNc1ccc(N2CCOCC2)c(C(=O)O)c1,1
CCOc1ccc(C(=O)Nc2cc(C(=O)OC)ccc2N2CCN(C(C)=O)CC2)cc1,1
COc1cccc(-c2ccc(C(=O)N(C)Cc3c(C)nn(C(C)C)c3C)o2)c1,0
Cc1cc(N(C)C)nc(-n2ccnc2)n1,0
CCCC(=O)NCC(=O)Nc1cnc(N2CCN(C)CC2)nc1,1
COc1cc2c(cc1NC(C)=O)oc1ccccc12,0
Cn1cncc1-c1ncccc1C(=O)N1CCCC1,1
Cc1noc(C(C)C)c1C(=O)Nc1ccccn1,0
Cn1ncnc1COc1nn2c(-c3c(F)cccc3F)nnc2cc1C1CCC1,1
CNC(=O)CCc1nc(-c2ccccn2)no1,0
O=C(CN1CCCc2ccc(F)cc21)N1CCNC1=O,0
Cc1cc(N(C)C)nc(-n2cnc(C#N)n2)n1,0
N#CC1(CN2CCc3cc(-c4ccccc4)oc3C2)CC1,0
CCOC(=S)SCC(=O)Nc1nc(-c2ccc(C3CCCCC3)cc2)cs1,0
Nc1nc(N)c2c(Cl)c(Br)ccc2n1,0
c1ccc(Cc2n[nH]c(CSc3ccccc3)n2)cc1,0
Cc1ccc(-c2ccc(=O)n(Cc3ccncc3)n2)cc1,0
Cc1ccnc(Oc2cc(N)ccc2C)c1,0
CCOC(=O)c1cc2ccccc2n1CC(=O)c1ccc(F)cc1,0
Cn1cc(C(=O)N2CCC(c3cc(C(F)(F)F)c4c(n3)CCNC4=O)CC2)ccc1=O,0
Cc1ccccc1COC1CN(C(=O)Cn2c(=O)[nH]c3ccccc32)C1,1
COc1cc(CNc2nc3ccccc3nc2C)ccn1,0
CCN1CCc2nc(NC(=O)Cc3ccc(Cl)cc3)sc2C1,0
Cn1ccnc1CN(C(=O)c1[nH]c2ccccc2c1Cl)C1CC1,1
Clc1ccc(Cc2nc(-c3cccnc3)no2)cc1,0
CCC(=O)N(C)CC(=O)Nc1cccc(F)c1,0
O=C1CCCc2c1[nH]c1cc(-n3ccnc3-c3ccncc3)ccc21,1
Cc1ccccc1-n1cc[nH]c(=O)c1=O,0
c1ccc(-n2ncc3c(-n4ccnc4)ncnc32)cc1,0
COC(=O)c1c(C)[nH]c(C(=O)OCC(=O)N(C)Cc2cccs2)c1C,0
CC(=O)N1CCC(CCNc2ccc3ccc(F)cc3n2)CC1,0
O=C(CSC1CCCC1)N1CCC(n2ccnn2)CC1,0
NC(=O)CC1CCN(c2ncccn2)CC1,0
COc1ccc2nc(C)nc(N3CC(CO)C3)c2c1,1
Nc1ccc(C(=O)N2CCOCC2)c(Cl)c1,0
O=C(CCc1ccc2c(c1)OCO2)Nc1nc2c(s1)CCC2,0
Cc1nccc(C2CCN(Cc3ncc[nH]3)CC2)n1,1
CCCC(=O)Nc1ccc(C)c2ncccc12,0
O=C1CCCN1C(=O)COc1cccc(-c2nnco2)c1,0
CCn1nccc1-c1cc(CC2CCNCC2)ncn1,1
Cc1ccc(C(=O)N(C)Cc2c(C)noc2C)cn1,0
O=c1[nH]c2cnccc2n1Cc1ccccc1,0
Cc1nn(Cc2cccc(Br)c2)c(C)c1C(=O)O,0
Clc1ccc(Cc2nc(-c3ccccc3)n[nH]2)cn1,0
CCCn1ncc2[nH]c(C3CCCCC3)nc21,0
Cc1ccc(-c2noc(CCC(=O)N3CCCC3(C)C)n2)cc1F,0
CCC(=O)N1CCCc2cc(C(O)CN3CCN(c4ccc(OC)cc4)CC3)ccc21,0
O=C(Nc1nc2ccccc2[nH]1)C1CCCCC1,0
O=C(Nc1nc2ccccc2[nH]1)c1ccncc1,0
O=C(Cc1ccc2c(c1)OCCO2)NC1CCCCCC1,0
CNC(=O)CN1CCCN(C(=O)c2c(C)nn(-c3ccccc3)c2Cl)CC1,1
CC(C(O)c1ccc(O)cc1)N1CCC(Cc2ccccc2)CC1,0
CC(C)(C)n1cc(CNc2cccnc2)cn1,0
Cc1nccc(-c2cccc(NCC(=O)N(C)c3ccccc3)c2)n1,0
Cc1cc(C)n2ncc(C(=O)NC3CCCCC3)c2n1,0
Cc1ccc(N2CCN(C(=O)c3c(C)nc4sccn34)CC2=O)cc1,1
CC(=O)N1CCC(Cn2ccnc2-c2cc3ccccc3s2)CC1,1
CC(C)c1cc(N2CCc3[nH]nc(C4CC4)c3C2)n2nccc2n1,1
Fc1ccccc1-c1noc(-c2ccc(NCCc3cnccn3)nc2)n1,0
COc1ccccc1OC1CCN(Cc2ccccc2C#N)CC1,0
O=C(NCC1(c2ccccc2)CC1)c1cccnc1,0
C#CCNC(=O)CCc1c(C)nn(C)c1C,1
COc1cc2c(cc1OC)CN(C(=O)C1CCCN(S(=O)(=O)c3cccs3)C1)CC2,1
COc1cc2c(cc1OC)CN(C(=O)C1CCCN(C(C)=O)C1)CC2,1
Cn1ncc2c1CCc1sc(NC(=O)c3cccnc3)nc1-2,0
COc1ccc2nc(NCc3cnn(C)c3)ccc2c1,0
O=C(c1cccc(N2CCNC2=O)c1)N1CCc2ccccc2C1,1
Cc1nnc(N2CCCSCC2)c(C#N)c1C,0
CN(C)CCN(Cc1ccccc1)C(=O)CCC(=O)Nc1ncc(-c2ccccc2)n1C,1
c1csc(-c2csc3nc(CN4CCOCC4)nc(N4CCc5[nH]ncc5C4)c23)c1,1
CC(C)n1nnnc1-c1ccc(N)cc1F,0
Cc1nn(C)c(C)c1CCC(=O)N1CCN(C)Cc2ccccc21,1
O=C(Nc1nc(-c2ccccn2)cs1)c1ccc(F)cc1Cl,0
Cc1n[nH]c(-c2c(C)c3cc(F)ccc3n2C)n1,0
CCN1CCc2ncnc(N(C)Cc3ccc4c(c3)OCCO4)c2C1,0
Cc1nc(NCC(C)(C)c2ccccc2)n(C)n1,0
COc1ccc(C(=O)N2CCCC2)cc1NC(C)C,0
O=C(OCc1cc(Cl)ccn1)c1ccc2[nH]c(C(F)F)nc2c1,0
Cc1nc(-c2cnn(C)c2-c2ccc(C(F)(F)F)cn2)c2c(N3CCC3)ncnn12,1
N#CCN(C(=O)c1cn(-c2ccc(Br)cc2)cn1)C1CC1,0
Cc1noc(OCC(=O)N2CCCCCC2)n1,0
Cc1csc(NC(=O)c2ccc(-c3ccncc3)cc2)n1,0
CCN(C(=O)N1CCC(CC(=O)N2CCN(C)CC2)CC1)C(C)C,1
Cc1cccc(-n2cnnc2CCCN2CCOCC2)c1,1
Cc1ccnc(C2CCN(C3CCCC3)CC2)n1,0
CC(c1nnc(-c2cccs2)o1)N1CCC(n2c(=O)[nH]c3ccccc32)CC1,1
O=C(CN1CCC(n2c(=O)[nH]c3ccccc32)CC1)N1CCc2ccccc21,1
CN(Cc1ccc(Cl)cc1)C(=O)c1ccc(-n2ccnc2)nc1,0
N#Cc1ccccc1OCc1csc(-c2ncccn2)n1,0
Nc1ccc2c(c1)ncn2CCc1ccccc1,0
COc1cccc(CN(C)c2ncnc3c2CN(C)CC3)c1,0
CCONC(=O)c1sc(C)nc1C,0
O=C(O)c1cnc(/C=C/c2csc(-c3ccsc3)n2)s1,0
FC(F)(F)c1nccc(NCCSc2nc3ccccc3o2)n1,0
O=C(Cc1cccc(I)c1)N1CC(CO)C1,0
Cc1nc(NC2(c3cccc(Cl)c3)CC2)c2c(C)noc2n1,0
CCc1oc2c(-n3cnnc3)cccc2c1C,0
CCOC(=O)c1cccnc1-c1ccc2[nH]ccc2c1,0
CCCN1CCn2nc(-c3nc4cc(OC)ccc4[nH]3)cc2C1,0
Cc1cc(C)nc(NCc2cnc(C)c(C)c2)n1,0
CCCCC1=NC2(CCCC2)C(=O)N1Cc1ccc(-c2ccccc2-c2nnn[nH]2)cc1,1
Cc1nn(Cc2csc(-c3cccs3)n2)c(N)c1C#N,0
COc1ccc2cc(-c3[nH]c(-c4ccc(S(C)=O)cc4)nc3-c3ccncc3)ccc2c1,1
CN(Cc1ccccc1Br)C(=O)Nc1ccc(C(=O)N2CCCC2)cc1,1
COc1cccc(-c2cccc(N)n2)c1F,0
Cc1ccc(CNC(=O)c2cccs2)cn1,0
Cc1cc(Nc2ccccn2)cc(C2CCCN(CC(=O)Nc3ncc(C)s3)C2)n1,1
O=C(CCc1ccc(Cl)cc1)N1CCCC(c2n[nH]cc2-c2cccc(F)c2)C1,1
CCOc1cccc(CNCCc2c[nH]c3ccccc23)c1,0
CCN(C(=O)N1CCC(OC2CCOCC2)CC1)C(C)C,0
O=C(NCc1ccc(F)cc1)C1CCN(C(=O)/C=C/c2ccc(F)cc2)CC1,1
C(=C/c1ccccc1)\CNCc1ccc2c(c1)OCO2,0
Cc1nc(O)c2c(n1)CN(Cc1ccccc1)CC2,1
Cn1cc(C(=O)O)c(C2CCCCC2)n1,0
O=C(COc1ncnc2ccccc12)NC12CC3CC(CC(C3)C1)C2,0
O=C(NCc1cccnc1)c1sccc1-c1ccccc1,0
Cc1oc(C)c(C(=O)N2CCNC(=O)C2)c1Br,1
O=C(NCCc1nnc2n1CCC2)c1ccc2c(c1)CCC2,1
O=C(NC1CCCCCC1)c1ccc(-c2cnco2)cc1,0
Cc1cnc(CNCc2cccc3c2OCO3)s1,0
CNC(=O)Cc1nc(-c2cncc(C)c2)cs1,0
Cn1ncc2c(Oc3cccc(Oc4ccccn4)c3)ncnc21,0
CC(=O)Nc1nc(-c2c(C)cc(C)cc2C)cs1,0
CN(Cc1ccc(N)nc1)c1ncccn1,0
CN(CCc1ccccc1)C(=O)CC#N,0
Cc1csc(Nc2ccc(C#N)cc2)n1,0
Cc1noc(CCNc2ncnc3ccccc23)n1,0
Cc1c(-c2ccccc2)oc2c(C(=O)NCCCN3CCCCC3)cccc2c1=O,1
CCCC(=O)N1CCC(c2cccc(C)n2)CC1,0
O=C(Cc1cccs1)NCc1ccccc1F,0
O=C(Nn1cnc2ccccc21)c1cc(Cl)ccc1F,0
c1ccc(CCn2cnc3c2CCN(c2ncccn2)C3)cc1,0
Cc1cccc(NCC2CCN(C(=O)c3ccccc3)CC2)n1,0
O=C(NCCCNC(=O)c1cc2ccccc2[nH]1)c1ccc2c(c1)OCCO2,1
O=C(NC1CC1)c1cccc2cccnc12,0
COCCc1nc(-c2ccccc2-c2ccccc2)n(CCO)n1,1
C1CCC(OCc2noc(C3CC3)n2)CC1,0
CCOC(=O)Nc1cc(-c2ccc(C)c(NS(C)(=O)=O)c2)nn2c(C)nnc12,1
Cn1nc(C2CCNCC2)c2cccnc21,1
Cc1cccc(OC2CN(C(=O)Cn3c(C)nn(-c4ccccc4)c3=O)C2)c1,0
CN(C)c1ccc(-c2ccc(COCc3cccs3)cc2)nn1,0
O=C(c1ccc2oc(CCCc3ccccc3)nc2c1)N1CCC(Oc2cccnc2)CC1,0
CCc1nc(C(N)=O)c(Nc2ccc(N3CCC(N4CCN(C)CC4)CC3)c(OC)c2)nc1NC1CCOCC1,1
Cc1cc(C(=O)NC2CCN(C(=O)c3cc(C)sc3C)CC2)no1,0
Cc1cc(-c2nccs2)nc(CC2CCNCC2)n1,1
CN(Cc1cccc(C#N)c1)c1cnc2ccccc2n1,0
Cc1ccc(-c2ccnc(O)c2C#N)cc1,0
COc1cncc(-c2ccnc3[nH]ccc23)c1,0
Cc1ccc(-n2cc[nH]c(=O)c2=O)cc1,0
Cc1nc(C)c(CNc2cnn(-c3ccccc3)c2)s1,0
Cc1cccc(NC2CCN(Cc3ccncc3)CC2)n1,0
c1ccc(CN2CCn3nccc3C2)cc1,0
CN(C)c1nc(CN2CCOCC2)nc2scc(-c3cccs3)c12,0
O=C(Nc1cccnc1)c1ccccc1Cc1ccccc1,0
CC(C)c1cc(CN(C)Cc2c[nH]nc2-c2ccc(F)cc2)no1,0
Cc1ccc(OCc2noc(-c3ccsc3)n2)cn1,0
Cc1cc(C)cc(C(=O)Nc2c(C#N)cnn2C)c1,0
Cc1ccc2c(c1)C(=O)CC1(CCN(C(=O)c3ccc4nc(C)cc(O)c4c3)CC1)O2,1
CCS(=O)(=O)Cc1ccn(-c2cccc(F)c2)n1,0
O=C1c2cccc3cccc(c23)C(=O)N1CCN1CCOCC1,0
O=C(NC1CCCC1)c1cc(C2CC2)nc2ccccc12,0
Cn1cc(CCNc2cncc(Br)c2)cn1,0
Cn1c(C(=O)N2CCN(CCc3ccccc3)C(=O)C2)cc(=O)n(C)c1=O,1
Cc1noc(-c2ccc(NC(=O)Cc3ccccc3)cc2)n1,0
Cc1ccc(C2(O)CCN(Cc3cn(C)c4ccc(F)cc34)CC2)cc1,0
Cc1nnnn1CCN(C)c1ccccc1,0
CCC(=O)NCc1ccnc(N(C)C)c1,0
Cc1nn(C)c(C)c1NC(=O)CN1CCC2(CCCCC2)CC1,0
c1ccc2c(c1)CCN(Cc1nnc3n1CCC3)C2,1
O=C(NCc1nnc2n1-c1ccccc1CC2)c1ccc2ccccc2c1,1
Cc1cc(C)n(-c2ccc(CNC(=O)c3ccc4c(c3)CCO4)cn2)n1,0
O=C(NCCc1ccc2c(c1)OCO2)C1CCCC1,0
O=C(CN1CCCN(c2ccc(C(F)(F)F)cn2)CC1)Nc1ccccc1,0
CCn1ncc(-c2cc(C(F)F)nc(NCCCOC)n2)c1C,0
Cc1cc(C)c(NC(=O)c2cc(Cl)ccc2F)c(C)n1,0
CCc1nnc(NC(=O)c2ccc3cc(OC)ccc3n2)s1,0
CCc1nnc(Nc2cccc(C3CCCN(CC(=O)N4CCCC4)C3)n2)s1,1
Cc1cc(C)n(-c2cc(Nc3ccccc3C)ncn2)n1,0
CCNC(=O)N1CCc2nc3ccc(F)cn3c(=O)c2C1,1
CNC(=O)N1CCc2nc3ccc(Cl)cn3c(=O)c2C1,1
COc1ccc(CC(=O)N2CCc3[nH]c4ccc(Cl)cc4c3C2)cc1OC,1
Cc1cc(C)nc(-n2nc(C)c(CC(=O)NC3CCCCCC3)c2C)n1,1
CS(=O)(=O)c1ccc(-c2cnc(NCc3ccco3)n3cnnc23)cc1,1
Cc1ncc(C(=O)Nc2ncnc3oc(C)c(C)c23)s1,0
Cc1ccc2c(c1)c(Cn1ccnc1-c1cccc(C)n1)nn2C,0
Cc1noc(C2CCN(CCc3ccccc3)CC2)n1,0
O=C(Nc1ccc2sccc2c1)N1CCCN(C(=O)Oc2ccccc2)CC1,0
COc1cc(N2CCN(C)CC2)ccc1Nc1ncc2c(n1)N(C)c1ccccc1C(=O)N2,1
O=C(CCCOc1ccccc1)N1CCCC1,0
O=C(Nc1ccc2c3c(cccc13)CC2)c1ccnc(-n2cncn2)c1,0
Cc1ccc(-c2nc(CC(=O)NCCC(C)C)cs2)cc1,0
O=C(Nc1ccc(F)cc1)c1cc(C2CC2)nn1-c1ccccc1,0
CC(C)(C)NC(=O)c1cnc(-c2ccc(Cl)s2)s1,0
CCC(C)(C)NC(=O)C1(Cc2ccc(-c3cc(F)ccc3OC)cc2)CCOCC1,0
Cn1cc(-c2ccc3nnc(C(F)(F)c4ccc5ncccc5c4)n3n2)cn1,1
CC(=O)c1c(C)c2cnc(Nc3ccc(N4CCNCC4)cn3)nc2n(C2CCCC2)c1=O,1
Cc1cc(C(=O)Nc2ccc(C)c(C)c2)n(-c2ccccc2)n1,0
CC(=O)Nc1cccc(OCC(=O)N2CCCCC2)c1,1
O=C(O)c1cc(/N=N/c2ccc(S(=O)(=O)Nc3ccccn3)cc2)ccc1O,0
O=C(NCCc1cnn(-c2ccccc2)c1)N1CCC1,0
COc1cc(NC(=O)c2ccc(F)cc2C)ncn1,0
CN(C)Cc1csc(-c2nccn2-c2ccc3c(c2)n(C)c(=O)n3C)c1,1
COc1cccc(OCCCN)c1-c1cc(Nc2cnc(C#N)cn2)n[nH]1,1
O=C(CC1CCCC1)NCc1nnc2n1CCC2,1
COCC1(c2nc(-c3ccncc3)nn2Cc2cccc(Cl)c2)CC1,0
Cc1ccsc1C(=O)NCc1ccc2c(c1)OCCCO2,0
CCNc1ccnc(N(C)Cc2nc3ccccc3n2C)n1,0
COc1ncccc1CNc1ncnc2c1cnn2C,0
C#CCNC(=O)c1ccc2c(c1)OCO2,0
CC(C)(C)c1nccc(NCc2ccncc2)n1,0
CCC(=O)NCCNC(=O)c1cc(-c2ccccc2)nc2ccccc12,1
CN(C)C(=O)COC(=O)Cc1ccc(OC(=O)c2ccc(NC(=N)N)cc2)cc1,0
CC(C)(C)NC(=O)NCCn1nc2c(cc1=O)CCCC2,1
COc1cc2nc(/C=C/c3cocn3)sc2cc1OC,0
CCOc1ncccc1-c1nc(C)cc(NC)n1,0
Cc1nc(CN(C)C(=O)C2c3ccccc3-c3ccccc32)no1,0
O=C(Nc1nccs1)C1CCN(C(=O)CN2CCc3ccccc32)CC1,1
CC1(c2nnc(-c3ccc4c(c3)OCCO4)o2)CCOCC1,0
CCN(CC#N)C(=O)c1nn(-c2ccc(F)cc2)c2c1CCCC2,0
O=C(c1ccccc1-c1ncc(-c2ccccc2F)o1)N1CCC1,0
Cc1cccc(OCCCNc2cc(Cn3c(C)nc4ccccc43)nc(N)n2)c1,1
Cc1cc(C(=O)NCC2CC2)n2nccc2n1,0
Cc1cncc(C2CCN(Cc3cnccn3)CC2)n1,0
CC(=O)N1CCCN(C(=O)Cc2csc(C(C)C)n2)CC1,1
O=C(CSc1ccc(F)cc1)N1CCCC1,0
O=C(c1ccc(F)cc1)N1CCN(CC(=O)N2CCCC2=O)CC1,1
COc1ccc(/C=C/C(=O)c2c(C)nc3ccccc3c2N)cc1,0
CCn1ncc(CN2CCC(c3nc(N(C)C)ncc3-c3ccc(OC)cc3)CC2)c1C,1
O=C(Cc1ccc(F)cc1)NCCn1cccnc1=O,1
COc1ccc(-c2cccc(C3CCCN(C(=O)C4CCCC4)C3)n2)cc1,0
c1cc2c(N3CCNCC3)nc(-c3ccnc(NC4CCCCC4)c3)cc2cn1,1
O=C(Nc1ccccc1)N1CCCc2cnc(N3CCOCC3)nc21,0
CSc1ccc(CN(CCO)C(=O)CCc2cccc(F)c2)cc1,0
CC(C(=O)Nc1ccccc1)N1CCCC(c2nc3ccccc3o2)C1,0
Cn1c(=O)c2c(ncn2C)n(C)c1=O,0
CC(C)c1nc(S(=O)(=O)N2CC3(CC3)c3ccccc32)c[nH]1,1
NC(=O)COc1ccccc1C(=O)Nc1cccc(-c2ccc3ccccc3c2)n1,0
CN1CCC(O)(CNC(=O)C2CCCCCC2)CC1,1
Cc1cc(-n2ccnc2)ccc1C(=O)O,0
O=C1CC(N2CCCN(c3ccc(C(F)(F)F)cn3)CC2)C(=O)N1c1ccccc1,0
Brc1nnc(N2CCC(OC3CCCC3)CC2)s1,0
Cc1ccc(CCNc2ccc(C#N)nc2)cn1,0
Cn1cc(CNc2ncccn2)c(C(C)(C)C)n1,0
CC(=O)Nc1ccccc1CN1CCC(c2nnc3ccccn23)CC1,1
CCCn1ncc(CN2CCC(c3cc4cccnc4[nH]3)CC2)c1C,1
O=c1cc2c(n[nH]1)-c1cnc(N3CCCC3)nc1CC2,0
O=C(c1ccc(-c2ccncc2)cc1)N1CCC(O)(CN2CCCC2)CC1,1
Cc1nc2cc(-c3nccn3C)nn2c(NCCCN(C)C)c1C,1
CN(C)CCSc1nnnn1-c1ccc(Br)cc1,0
Cc1ccc(Nc2ccnc(Nc3ccc(C)cc3)n2)cc1,0
CN(CCCC1CCCC1)Cc1cc(=O)[nH]c(=O)[nH]1,0
C[C@H](Cc1cc2c(c(C(N)=O)c1)N(CCCO)CC2)NCCOc1ccccc1OCC(F)(F)F,1
Cc1noc2ncnc(N3CCCN(C(=O)C4CC4)CC3)c12,1
O=c1c2cccc(C(F)(F)F)c2ncn1C1CCCC1,0
COc1cccc(C)c1C(=O)N(C)Cc1ncc[nH]1,1
COc1ncnc(C)c1-c1cccc(OC(C)C)c1,0
Fc1cccc(N2CCCC2)c1CN1CCN(Cc2ccon2)CC1,0
O=S1(=O)CCN(C2CCN(CC(F)(F)F)CC2)CC1,0
CC(C)n1cnnc1SCOCc1ccccc1,0
CCn1nccc1CNc1ncccn1,0
CCn1c(CN2CCCCCC2)nc2ccccc2c1=O,0
CCc1cccc(C)c1NC(=O)c1ccc(C)o1,0
COCC1(CNS(=O)(=O)c2ccccc2)CCC1,0
Cn1cc(-c2cccc3c(C(N)=O)cccc23)cn1,0
O=c1c2cnccc2ncn1Cc1ccc2c(c1)CCCO2,0
CN(CCNC(=O)NC1CCOCC1)C1CCCC1,1
COc1ccc(Cl)cc1NC(=O)CN1CCCN(c2ccc(C(F)(F)F)cn2)CC1,0
Cc1noc(NCc2c(C)nn(C)c2C)n1,0
Cc1cc(Nc2ccc(F)cn2)cc(C2CCN(C(=O)CCc3cccc(Cl)c3)C2)n1,1
Cc1ccc(NC(=O)CN(C)C2CCCCC2)cc1S(=O)(=O)N(C)C,0
Cc1ncc(-c2ccccn2)c(CCNC(=O)C2CCCC2)n1,1
O=C(Nc1ccc2c(c1)N(CC(F)F)C(=O)CS2)C1CC=CC1,0
Cc1nccc(NC(=O)c2ccc(Cl)nc2Cl)n1,0
O=c1c2ccccc2nnn1CCOc1ccc(F)cc1,0
COc1cc(OC)cc(N(CCNC(C)C)c2ccc3ncc(-c4cnn(C)c4)nc3c2)c1,1
CC(C)[C@H]1C(=O)N[C@H](CO)Cc2cc(NC(=O)/C=C/C=C/c3ccc(C(F)(F)F)cc3)ccc2N1C,1
c1nn(C2CCOCC2)cc1Nc1ncc2nnn(-c3ccc4cn[nH]c4c3)c2n1,1
C1CN(c2nc3c(c(N4CCSCC4)n2)SCC3)CCS1,0
Cc1cc(C)n2nc(C)c(C(=O)NCC3CC3)c2n1,0
CCN(CC)C(=O)CSCc1cncc(F)c1,0
O=C(c1cc(-c2ccc(F)cc2)on1)N1CC[C@H](Oc2ccccc2F)[C@@H](O)CC1,0
CC(C)c1nsc(N2CCC(Nc3cccnc3)CC2)n1,0
COc1cccc(Oc2ccc(NC(=O)CN3CCOCC3)cn2)c1,0
Cc1cc(C(F)(F)F)nc(CCNC(=O)N(C)Cc2c(C)noc2C)n1,1
CC1(C)[C@@H]2C[C@H]1[C@@]1(O)[C@@H](C2)Oc2c(ccc(O)c2C(=O)NCCNc2ccccn2)[C@@H]1O,1
CC(=O)Nc1ccc(CNCCOc2ccc(F)cc2F)cc1,0
CCCc1cc(O)nc(SCC(=O)N2CCN(C)CC2)n1,1
COCCCNc1ncc(-c2cc(C)no2)c(C(C)C)n1,0
Nc1ccnc2ccc(Oc3ccccc3)cc12,0
Cc1ccc(-c2ccc(N(C)CCO)nn2)c(-n2cccn2)c1,1
COc1ccc(-c2cc(C(C)(C)C)nc(-c3ncccn3)n2)cc1,0
Cc1nc2ncc3c(n2n1)CCCC3=O,0
O/N=C1/CCCc2c1cnc1ncnn21,0
CN(C)CCOc1cc(-c2cn[nH]c2)ccc1NC(=O)C1COc2ccccc2O1,1
CCc1cc(CNC(=O)Nc2ccc(N3CCSCC3)cc2)on1,1
CCCN(CCC1=CCCCC1)C(=O)Cc1n[nH]c(=O)[nH]1,1
C/C(=C/COc1c2occc2cc2ccc(=O)oc12)CO,0
Cc1cc(-c2nc(N(C)C)no2)cc(O)n1,0
CCc1cnccc1C(=O)Nc1cnccn1,0
CN(C)c1nccc(N2CCN(CCCCCF)CC2)n1,0
CC(=O)NC1CCC(NCCc2c(C)cccc2C)CC1,1
Cc1nnc2ncc(-c3cccc4ccnn34)cn12,0
COc1cc(CN2C[C@H]3CCc4c(nc(C)[nH]c4=O)[C@H]3C2)cc(OC)c1OC,1
Cc1ccnc(NCc2cccnc2)n1,0
CC(=O)N1CCN([C@H]2CCN(C(=O)c3cc4cc(Cl)ccc4o3)CC[C@@H]2O)CC1,1
c1nc(N2CCC3(CCCCC3)C2)c2cn[nH]c2n1,0
CC(C)(C)CCCNC(=O)N1CCN(Cc2ccon2)CC1,0
COc1ccc(-c2nn(C)c3ccccc23)c(OC)c1OC,0
COCC1(CNC(=O)c2cc(Cl)cnc2O)CCC1,1
COc1ccc(COc2ccc(Cc3cnc(N)nc3N)cc2OC)cc1,1
Cc1cccc(NCCc2cc(F)cc3c2OCOC3)n1,0
COCC1(CNS(=O)(=O)c2ccc3[nH]cnc3c2)CCC1,1
Clc1ccc(CSc2nc(-c3ccccc3)c[nH]2)cn1,0
Fc1ccc(CN2CCCN(c3ccc4nnnn4n3)CC2)cc1,0
CC(C)c1nnc(CN(C(C)C)C2CCOCC2)o1,0
CNc1ncc(CN(C)CCN2CCCCC2)cn1,0
C#CCOc1ccc(OC)cc1C(N)=O,0
Cc1cc(C)nc(N2Cc3ccccc3C2=N)n1,0
O=C(O)c1csc(Cc2ccc(Cl)cc2)n1,0
CCOc1cc(N(C)CC2CCN(C)CC2)ncn1,0
O=C(c1cc(F)ccc1F)N1CCN(C(=O)C2CC2)CC1,0
Cc1ccnc(N2CCC(OCC3CCCC3)CC2)n1,0
Fc1cc(Br)ccc1CNCc1ccccn1,1
CN(CCSc1ccc2nnnn2n1)Cc1ccccc1,0
Cc1cccc(NCCN2C(=O)CCC2=O)n1,0
c1ccc(-c2nc(CSc3ccc(-n4cccn4)nn3)cs2)cc1,0
CCS(=O)(=O)N(C)c1ccc(N(C)C)cc1,0
Cc1ccc(CN)c(-n2cc(Cl)cn2)n1,0
Cc1nccc(NC(=O)c2ccncc2Cl)c1Cl,0
COC(=O)c1cccc2c1CCCN2C(=O)c1ccc(F)cc1F,0
CCc1nc(CNc2ccc(C#N)nc2)cs1,0
Cc1cc(Nc2ccc(F)cn2)cc(C2CCN(C(=O)COc3ccccc3)C2)n1,1
CC(C)CCCNC(=O)c1[nH]ncc1Br,0
N#Cc1cccc(CNCc2ccccn2)c1,0
CC(=O)N(C)[C@H]1CC2(CCN(C(=O)COc3ccc(F)cc3F)CC2)OC[C@]1(C)O,1
O=C(CCc1cn[nH]c1)NCCCn1cc(Cl)cn1,1
Cc1nn(C)c(C)c1-c1cc(C(C)(C)C)nc(N(C)C)n1,0
CSc1ncccc1C(=O)Nc1ccc(-c2nnc(C)[nH]2)cc1,1
COc1cccc(Cn2cnc3c(c2=O)COCC3)c1Cl,0
CN(Cc1cnc2ccccc2n1)S(=O)(=O)N1CCCC1,0
CCN1CCC(CCNc2ncc(C)c(N(C)C)n2)CC1,1
Cc1cc(C(=O)N(C)CCCC2CCCC2)cc(C)n1,0
CC(=O)N1CCC2(C=Cc3cc(C)c(C)cc3O2)CC1,0
Cc1ccc(=O)n(CCOc2cc(F)cc(Br)c2)n1,0
COCC(=O)Nc1cc(C#N)cn1C(C)(C)C,0
Cn1nc(CNC(=O)C2CCC2)c2ccccc21,0
CN(Cc1ccc(N)nc1)c1nc(C(F)(F)F)cs1,0
Cc1cc(-c2cn(C)nc2[C@H]2CC[C@H](CNC(=O)C(C)C)CC2)on1,1
NC(=O)CN1CCC(COc2ccccc2C(F)(F)F)CC1,0
Cc1cccnc1CN1CCC(O)(c2ccccc2)CC1,0
CCc1nccn1Cc1nc(N)nc(N(C)C)n1,1
O=C(Nc1ccccn1)c1ccc2c(c1)C(=O)N(C1CCCCC1)C2=O,0
CC1(C)CC(CC(=O)NCCn2ccnn2)CC(C)(C)N1,0
Cc1nc(NCc2cn(C)nc2-c2cccs2)n(C)n1,1
CC(=O)NC[C@H]1C[C@]2(C)[C@@H](CCCC[C@]2(C)O)N1CC1(O)CCOCC1,1
CCc1cc(CNC(=O)NC2CCN(CC3CCCCC3)CC2)on1,1
Cc1cc(Nc2cc(N)ncn2)c(=O)n2c1C(=O)NC21CCCCC1,1
Cc1ccnc(-n2nccc2NC(=O)NC2(C)CCC2)c1,0
CCOC(=O)c1cccnc1SCc1cccnc1,0
O=c1c2ccccc2cnn1Cc1cccc(OCC(F)(F)F)c1,1
O=c1c2oc3ccccc3c2ncn1Cc1ccc(Cl)cc1,0
CC(=O)N1c2ccc(S(=O)(=O)Nc3cccc(-c4cnco4)c3)cc2CC1C,1
Cc1cc(Nc2nnc(C)s2)cc(C2CN(C(=O)c3c(C(C)C)noc3C)CCO2)n1,1
COc1ccc2nc(C)nc(NCc3ncc(C)o3)c2c1,0
CC(C)c1cc(N(C)Cc2nc(C3CC3)n[nH]2)n[nH]1,1
Cc1nsc(NCc2cncs2)n1,0
CCCc1noc2nc(-c3ccncc3)cc(C(=O)O)c12,0
CC(C)OCCS(=O)(=O)N1CCc2ccccc2CC1,0
COc1cc(Br)c2c(=O)[nH]c(C)nc2c1,0
CSc1nnc(CCCNc2cc(C)ccn2)n1C1CCCC1,1
CC(=O)N1CCN(Cc2nc(O)cc(C(F)(F)F)n2)C(C)(C)C1,1
CNCc1cc(N(C)C)nc(C2CCCN2C(=O)COc2ccc(F)cc2)n1,1
Cc1ncsc1-c1cncc(CC2CCCN(C)C2)n1,0
CC(=O)NCCCC(=O)Nc1ccc(Oc2ccccc2Cl)cc1,1
COC(C)(C)C(=O)Nc1ccnc(C(C)(C)C)n1,0
CCCN(CCC1=CCCCC1)C(=O)c1cc(C(F)F)n[nH]1,0
COc1cccc(C(=O)Nc2nccs2)c1,0
CCC(CC)N1CC[C@H](O)[C@@](O)(COc2cc(C)ccc2Cl)C1,0
CSc1ccc(C)c(C(=O)NCCN2CCC(C)CC2)c1,0
Cc1cnn(CCNC(=O)C2(Cn3cccn3)CC2)c1,1
C[C@@H]1CN(Cc2ccccc2)C[C@H]1c1nc2c(cnn2C2CCOCC2)c(=O)[nH]1,1
CNCc1cc(N(C)C)nc(C2CCCN2C(=O)C2CCCC2)n1,1
CNCc1cc(N(C)C)nc(C2CCCN2C(=O)c2ccccc2-c2ccccc2)n1,1
CCn1nccc1-c1cc(C)nc(N2CCCC2)n1,0
c1ccc(NCc2ccc3c(c2)OCCCO3)nc1,0
CCCN(CCc1cccs1)[C@H]1CCc2c(O)cccc2C1,0
CC1=CCN(C(=O)c2cc(C)nc3cc(C)cc(C)c23)CC1,0
Cc1nc2n(c1CN1CCN(c3ncccn3)CC1)CCCC2,1
O=C(Nc1ccn(CC(F)F)n1)NC1CCN(C2CCCC2)CC1,1
CCc1nc(CN2CCC(=O)Nc3cc(F)ccc32)n[nH]1,1
NC[C@@](O)(c1ccc(Cl)cc1)c1ccc(-c2cn[nH]c2)cc1,0
COCCc1n[nH]c(-c2ccc(N3CCN(C)CC3)cc2)n1,1
CCCn1cc(NC(=O)Nc2ccc(N3CCSCC3)cc2)cn1,1
COc1cccc(F)c1NC(=O)N1CCC(N2CC=CC2)CC1,1
O=C(NCCN1CCc2ccccc2C1=O)c1ccon1,0
Cc1nnc2ncc(-c3cccc(-c4ccnn4C)c3)cn12,0
CCc1nc(N2CC(CO)C2)c2ccsc2n1,0
CCc1c(C(=O)NCCc2ccc(N3CCCCC3)cc2)[nH]c2ccc(Cl)cc12,0
O=C(c1cn(Cc2cncn2Cc2ccc(Br)cc2)cc1-c1cccc2ccccc12)N1CCOCC1,1
Clc1ccc2c(NCCN3CCOCC3)ncnc2c1,0
O=C(NCc1cccs1)c1cccnc1,0
COc1cc(OC)cc(-c2c(C)ncnc2OC)c1,0
O=C(Cc1cccnc1)Nc1ncccc1Cl,0
CC(=O)N1CCN([C@H]2CCN(C(=O)c3cc4cc(C)ccc4o3)CC[C@@H]2O)CC1,1
O=C(NCc1nc(-c2cnccn2)n[nH]1)C1Cc2ccccc2C1,1
COc1cc2nn(CCC(C)(C)O)cc2cc1NC(=O)c1ccn(C(F)F)n1,1
CC(C)(O)CCn1cc2cc(NC(=O)c3cccc(C(F)F)n3)c(OCC3COC3)cc2n1,1
CC(C)(O)CCn1cc2cc(NC(=O)c3ccn(C(F)F)n3)c(OCC3COC3)cc2n1,1
CNC(=O)c1ccc(N2CCCc3cc(OC)ccc3C2)nn1,0
C[C@H](c1nc(=O)c2cnn(C3CCOCC3)c2[nH]1)N1CC(Oc2ccccc2)C1,1
O=C(NN1CCOCC1)c1ccc(Cl)c(Cl)c1,0
O=C(CCCC(=O)N1CCN(c2nsc3ccccc23)CC1)Nc1nccs1,1
COc1ccc(CC2CN3CCN(C(=O)OCc4ccccc4)CC3CO2)cc1,0
Cc1ncc(-c2ccc(C)c(S(=O)(=O)NCc3cnn(C)c3C)c2)o1,1
Cc1noc(C)c1-c1cc(-c2ccccc2Cl)nc(C2CC2)n1,0
CCCc1ccc(-c2cccc(C(=O)N3CCN(CC(N)=O)CC3)c2)cc1,1
CC(=O)c1ccccc1-c1cccc(C(=O)NCCCN2CCCC2)c1,1
CN1CCC(Cc2cccc(-c3nccs3)n2)C1,0
COCCCNc1nnc(-c2ccncc2)s1,0
O=c1cc2c(n[nH]1)-c1cnc(N3CCCCC3)nc1CC2,0
CC(C)N(C)S(=O)(=O)N1CCC(CNC(=O)CCCn2cccn2)CC1,1
Oc1ccc2nc(/C=C/c3csnn3)ccc2c1Cl,0
CC1=C(C(=O)Nc2cc3cn[nH]c3cc2F)C(c2ccc(C(F)(F)F)cc2)CC(=O)N1,1
Cc1cc(N2CCOCC2)ccc1Nc1nc(NC2CCCCC2)c2nc[nH]c2n1,1
CC1CCC(O)(CSc2nncn2C(C)C)CC1,0
C[C@]1(O)CN(C(=O)Cn2cnc3ccccc32)CC[C@@H]1Oc1ccccc1,1
CN(C)c1ccncc1CN1CCN(c2ccc(C(N)=O)cc2)CC1,1
CSC1(CNC(=O)N2CCC=C(c3ccccc3)C2)CCOCC1,0
CN(CCc1ccncc1)c1ncccc1C#N,0
CCCc1noc(CN2CCN(c3ccccc3OC)CC2)n1,0
CCOCCNC(=O)c1cccc(-c2cc(F)ccc2OC)c1,0
CCN(Cc1cnn(C(C)C)c1)C(=O)NCCC(C)(C)OC,1
Cc1oc2ncnc(NCc3cc(F)cc4c3OCOC4)c2c1C,0
CN(Cc1cnc2ccccc2n1)S(=O)(=O)N1CCCCCC1,0
CCc1c(C)nn(CCNC(=O)CCc2cnccn2)c1C,1
CCC(=O)Nc1cccc(Oc2nc(Nc3ccc(N4CCN(C)CC4)cc3OC)ncc2Cl)c1,1
CC1=C(Br)CN(CCc2nc3ccccc3c(=O)[nH]2)CC1,0
CN1CCCn2c1cc(OCc1cc(F)c(Oc3ccc(C(F)(F)F)nc3)c(F)c1)nc2=O,1
Cc1cc(C(=O)N2CCC(C(=O)c3ccnn3C)CC2)sc1C,0
CCCOc1ccn2c(C(C)=O)cc(-c3ccccc3S(C)(=O)=O)c2c1,0
CCN(CCOC)C(=O)Nc1ccc2occc(=O)c2c1,0
COc1ccc(N)c(OCc2ccccc2)c1,0
COc1ccc2nc3c(cc2c1)CNCCO3,0
Cc1ccc(-n2nc(NCc3cnn(C)c3)cc2C)cc1,0
CCCn1cnnc1CN(C)Cc1ccc(C(F)(F)F)nc1,1
CC(=O)N(C)[C@H]1CC2(CCN(C(=O)COc3cc(C)c(Cl)c(C)c3)CC2)OC[C@]1(C)O,1
Cc1cc(C)c2ccc(C(=O)N3CCN(c4nc[nH]n4)CC3)cc2n1,1
CCCc1nn(CCCN2CCCCC2)c(=O)o1,0
COCc1nn(CCCN2CCCCC2)c(=O)o1,0
Cc1noc(C)c1CS(=O)(=O)C1CCCc2ccccc21,0
Cc1nnc2ccc(NCCOC3CCCCCC3)nn12,0
Cn1cccc(C(=O)NCc2nc(C(C)(C)C)no2)c1=O,0
Cc1nnc2ccc(N3CCC4(CCCCC4)C3)nn12,0
N#Cc1c(F)cccc1Oc1cccnc1,0
CSc1ccc(C(=O)Nc2cccc(C(=O)NCC(C)C)c2)cc1,0
COc1cc([C@@H]2c3cc4c(cc3[C@H](O)[C@H]3COC(=O)[C@@H]23)OCO4)cc(OC)c1OC,0
Nc1ncnc2ccc(-c3ccnc(F)c3)nc12,0
Cc1ccc(C(=O)NCCc2ccc(F)cc2)o1,0
CCCc1ccc(C(=O)CSc2nncs2)cc1,0
O=C(O)c1cnn(-c2nc3cc(Cl)c(OC(F)(F)F)cc3[nH]2)c1,0
Cc1ncc(C)n2nc([C@@H]3C[C@H]3c3nc4c5cccnc5ccn4c3C)nc12,0
O=C(c1cccc(Nc2ncccn2)c1)N1CCOCC(Cc2cccc3ccncc23)C1,1
Cc1cccc(NC(=O)N2CCC(N3CC=CC3)CC2)c1Cl,0
CC(C)(C(=O)c1ccccc1)/[N+]([O-])=C/c1ccc(F)cc1,0
COCC1(C(=O)N(C)Cc2ccc3ccccc3n2)CCC1,0
O=C(CC1c2ccccc2CCc2ccccc21)NCCN1CCOCC1,1
COc1ccccc1-n1cc(CNC(=O)N(C)Cc2c(C)nn(C)c2C)cn1,1
Cc1cc(C(=O)N(C)C2CCSCC2)c(=O)n(C)c1C,1
CC(C)c1nccn1Cc1nc2ccccc2[nH]1,1
O=C(Nc1ccc(Cl)nc1)NC1CCN(C2CCCC2)CC1,1
Cc1cc2nc(Sc3nnc(C)n3C)c3ccccc3n2n1,1
CCCS(=O)(=O)NC1CCN(Cc2ccc(C)c(OC)c2)CC1,0
CC(C)Nc1ccc(-c2cc3c(cc2CO)OCCO3)cn1,0
Cc1ccc(NC(=O)OCC(F)(F)F)cn1,0
COc1ncccc1C(=O)Nc1nc(C)nn1C,0
O=C(Cc1n[nH]c2ccccc12)N1CCCO1,0
Cc1ccc(C)c2nc3c(cc12)CNCCO3,0
CN(CCSc1ccc2nnc(C(F)F)n2n1)Cc1ccccc1,0
CCOC(=O)c1ccc(N2CCSCC2)nc1,0
N#Cc1ccccc1NC(=O)CCc1ccccc1,0
COc1cccc(Nc2c(C(N)=O)cnc3c(C)cc(S(=O)(=O)c4cccc(C(=O)N(C)C)c4)cc23)c1,1
CN1CCc2ccc(C(=O)NCCC(=O)Nc3cccnc3)cc21,1
CCCc1cc(C(=O)Nc2ccc(-c3nnc(C)[nH]3)cc2)no1,0
CC(C)N1CCN(CCCSc2ccccn2)CC1,0
Cc1cc(C)c(NC(=O)CN(C)c2ccc(C#N)nc2)c(C)c1,1
Cc1nc(-c2ccccc2)nc(O)c1C,0
O=C(CSCCc1ccccn1)Nc1ccccc1,0
O=C(NCC1CCC2(CC1)OCCO2)c1[nH]nc2c1CCCC2,1
COc1cc(OC)cc(C(=O)NCc2noc(-c3ccccc3)n2)c1,0
CC(C)N(C)S(=O)(=O)NCCCc1nc2cc(Cl)ccc2[nH]1,1
CN(Cc1ccc(OC(F)(F)F)cc1)Cc1cn(C)nn1,0
Cc1noc(NCc2ccc(F)cc2C)n1,0
COc1ccc(CC(=O)Nc2ccc(F)nc2)cc1,0
CC(=O)NC1CCC(NCCSc2ccc(C)cc2)CC1,1
CCOc1cc(N2CCOC3(CCCC3)C2)ncn1,0
CN(CCn1cnc(C#N)c1C#N)c1ccccc1,0
COc1cccc(Cc2cnc(N)s2)c1,0
Clc1cnc(NCC2(CN3CCCC3)CC2)nc1,0
CC(=O)Nc1ccccc1OCCOc1ccc(Cl)cc1,0
Cc1ccsc1-c1nsc(NC(=O)CN(C)C)n1,0
Cc1cc(NC(=O)CN(C)CCOc2ccccc2)on1,0
Cc1nc(NCCN2C(=O)CCC2=O)c2c(C)csc2n1,1
O=C(NC[C@]1(O)CCN(Cc2ccsc2)C[C@H]1O)c1c[nH]cn1,0
Cc1cc(Br)cn(Cc2ccc(C#N)cc2F)c1=O,0
CC1CCC(CNC2(CCO)CCOCC2)CC1,0
COCCN(C)C(=O)c1ccc(-c2cccc(-c3noc(C)n3)c2)cc1,0
Cc1[nH]nc(CCC(=O)NCCCOC2CCCCC2)c1C,1
COc1cccc(CC(=O)N2CCOC(c3cc(Nc4nnc(C)s4)cc(C)n3)C2)c1,1
Cc1cc(Nc2ccc(F)cn2)cc(C2CCN(C(=O)CCn3ncc4ccccc43)C2)n1,1
Cc1cc(Br)ccc1CN(C)C(=O)CO,0
CC(C)(C)c1[nH]cnc1/C=c1\[nH]c(=O)/c(=C/c2ccccc2)[nH]c1=O,1
CNCc1cc(N(C)C)nc(C2CCCN2C(=O)c2oc3ccc(Cl)cc3c2C)n1,1
CNCc1cc(N(C)C)nc(C2CCCN2C(=O)C2CN(Cc3ccc(Cl)cc3)C2)n1,1
CNCc1cc(NC)nc(C2CCCN2C(=O)C(C)(C)c2ccc(C)cc2)n1,1
Cc1cc(Cl)n(-c2ccc(C#N)cc2)n1,0
Cc1ccccc1NC(=O)Cn1nnc(C2CC2)n1,0
Fc1cc(-c2ccncc2)ccc1CNc1ncccn1,0
Cc1ccc(-n2cc(C)cn2)c(NC(=O)CN(C)C)c1,0
c1ccc(OCCN2CCN(c3ncccn3)CC2)cc1,0
CC(=O)N[C@H]1CC2(CCN(C(=O)COc3cc(C)c(Cl)c(C)c3)CC2)OC[C@]1(C)O,1
O=C(/C=C\n1cnc(-c2cc(C(F)(F)F)cc(C(F)(F)F)c2)n1)NNc1ccccn1,0
Cc1cccc2ncn(CCc3ncc[nH]3)c(=O)c12,1
CCNc1ccnc(-c2cccc(C(=O)NCCCc3cnn(C)c3)c2)n1,1
CC(=O)c1ccc2c(c1)CCN(CCC1OCCO1)CC2,0
COC1(c2nc(Cc3ccccc3)no2)CCN(Cc2cnc(C)o2)CC1,0
CS(=O)(=O)Nc1ccccc1-c1ccncc1,0
CN(Cc1ccc(N)nc1)c1nc2cc(F)ccc2o1,1
c1ccc(-c2noc(Cn3ccnc3)n2)nc1,0
O=C(c1ccc(O)cc1)N1CCN(c2ncnc3c2CCC3)CC1,1
Cc1cccc(C)c1OCC(=O)N(C)[C@@H]1CCC[C@@H](O)[C@@H]1O,1
COc1cc2cc3c(nc2cc1OC)OCCN(C1CCCCC1)C3,0
Cc1ccccc1S(=O)(=O)Nc1c(C)ccnc1Cl,0
Cc1nn(C(C)C)c(C)c1S(=O)(=O)NCC1CCN(C(=O)C2CC2)CC1,1
O=S(=O)(c1cccnc1)N1CCC2(Cc3ccccc3C2)C1,0
CN(C)c1ccc2c(c1)Sc1cc(N(C)C)ccc1N2,1
CN1CCN(S(=O)(=O)c2ccc(C(F)(F)F)nc2)C(C)(C)C1,0
COc1ccccc1/C=C/CN1CCCC2(C1)OCCO2,0
c1cc(CNc2ncc(-c3cnccn3)c(C3CC3)n2)ccn1,0
Cc1cnccc1-c1cnc(N(C)C)nc1-c1ccco1,0
Cn1cnc2ncn(Cc3nc(CCc4ccc(Cl)cc4)no3)c(=O)c21,1
CCCCN1CCc2nc3cc(C4CC4)nn3c(O)c2C1,1
CN(C)C(=O)c1ccnc(NCc2cccc(C#N)c2)c1,1
Cc1cnc(NCC2(CO)CCCC2)nc1N(C)C,0
c1cnc(NCc2cccc(-c3cccnc3)c2)nc1,0
Cn1cc(CN2CCCC(c3ccnc(Nc4cnccn4)c3)C2)cn1,1
COCc1ccc(SCC(=O)NC2CCCC2)cc1,0
Cc1ccc2nc(CN(C)Cc3cccc(Cl)c3Cl)cc(=O)n2c1,0
CCc1c(O)cc(O)c(C(=O)c2ccc(OCCN3CCOCC3)c(OC)c2)c1CC(=O)N(CCOC)CCOC,1
OC1CCN(c2nccc(-c3cccs3)n2)CC1,0
Cc1c[nH]c(C(=O)NCC2(N3CCCCC3)CCCC2)n1,1
CC(=O)NCc1cc2n(n1)CCN(C1Cc3ccccc3C1)C2,0
Cc1nc2ncc3c(n2n1)CC(C)(C)CC3=O,0
CCc1cc(-c2ccc(OC)c3nc(C)ccc23)nc(N2CCOCC2)n1,0
Cc1nc(N2CCNCC2)c2cnn(C)c2n1,1
CCN1CCCN(C(=O)Nc2ccc(COC3CCCC3)cc2)CC1,1
Cc1cccc(OC[C@@]2(O)CN(C[C@]3(O)CC[C@@H](C(C)(C)C)CC3)CC[C@@H]2O)c1,0
Cc1n[nH]c(C)c1CCCN(C)c1cncc(C(=O)N(C)C)n1,1
Cc1cnc(N2CCSCC2)nc1N1CCSCC1,0
Cc1ncccc1CNc1ccc(CC#N)cc1,0
CC(=O)c1cc(Br)cc(F)c1OCc1ccccn1,0
CC(COc1ccccc1Cc1ccccc1)N1CCCCC1,0
CN(CC1(CO)CCCC1)C(=O)CCN1CCCCC1=O,1
CN(C)c1ccc(-c2ccc(C(=O)NCCN3CCCC3=O)cc2)nn1,1
Cc1nn(CCNS(=O)(=O)N2CCCCC2)c(C)c1C,0
CN1CCN(S(=O)(=O)Cc2ccc(Cl)c(Cl)c2)CC1,0
Cc1ncn(Cc2noc(-c3ccccc3O)n2)c1C,0
CCC(=O)NCC[C@@H]1CCc2ccc3c(c21)CCO3,0
COc1cccc(O[C@H]2CCN(C(=O)c3cc(-c4ccc(F)cc4)on3)CC[C@@H]2O)c1,0
COc1cccc(C(=O)N(C)CC(F)(F)F)c1OCCCN,1
Cc1csc(Cc2nc(-c3ccc(O)cc3)no2)n1,0
COc1ccc(C)cc1S(=O)(=O)NCCC(=O)Nc1ccccc1C,1
CN(C)c1cncc(-c2ccc(C(=O)NC(C)(C)C)cc2)n1,0
COC(C)(C)CCNC(=O)CC1CC(C)(C)NC(C)(C)C1,1
CCOc1ccc2[nH]c(C(=O)N3CC[C@@](O)(CC(C)C)[C@@H](Oc4ccc(F)cc4)C3)c(C)c2c1,1
O=C(Nc1cn(CCOCC(F)(F)F)nc1-c1ccccn1)c1coc(-c2cn[nH]c2)n1,1
CC(=O)c1ccc2c(c1)CCN(CC1CCC3(CC1)OCCO3)CC2,0
C=CCn1c(=O)c2cnc(Nc3ccc(N4CCN(C)CC4)cc3)nc2n1-c1cccc(C(C)(C)O)n1,1
CCN(Cc1nc(C)no1)C(=O)c1cc(C)c(C)n(C)c1=O,1
Cc1cc(C(=O)N2CCN(C(=O)C3CCC3)CC2)c(O)cn1,1
Clc1ccc2c(c1)CCc1cccnc1C2=C1CCNCC1,1
COCC1(CNC(=O)c2ccc(-n3cccn3)cc2)CCC1,0
O=c1n(CCn2ccnc2)nnn1-c1cccs1,0
CN(C)C(=O)C(C)(C)NC(=O)OC(C)(C)C,0
OCCOc1ccccc1OCc1ncc(Cl)cc1Cl,0
Cn1c(=O)c(C(=O)CSc2nc3ccccc3n2C)c(N)n(Cc2ccccc2)c1=O,1
CCC(=O)Nc1ccc(F)c(NC(=O)N2CC=C(C)CC2)c1,0
O=C(c1n[nH]c2c1COCC2)N1CCC2(C=Cc3ccccc32)CC1,0
Cc1cc(C#N)cc(N2CCc3c(ncn3CCc3ccccc3)C2)n1,0
CCCC(=O)Nc1ccc(C(=O)N(C)C)cc1,0
CSC1(CNc2cc(C)nc(C)n2)CCOCC1,0
CCc1c2c(nc3ccc(O)cc13)-c1cc3c(c(=O)n1C2)COC(=O)[C@]3(O)CC,1
Cc1ncc(CCN2C(=O)NC3(CCCC3)C2=O)s1,1
CC[C@@H]1C(=O)N(C)c2cnc(-n3ccnc3-c3ccc(F)cc3)nc2N1c1ccn(C)n1,1
CCCn1cc(CN2CCC(c3nc(N(C)C)no3)CC2)cn1,0
O=C(Nc1nnc(SCc2ccc(F)cc2)s1)C1CCC1,0
COCCNc1c(C)c(C)nc2cc(-c3nccn3C)nn12,0
N#Cc1ccnc(Nc2ccc(F)cc2)c1,0
COc1cccc(OC)c1-c1ccc(OCCN2CCCC2)cc1,0
O=c1c2sccc2nc2n1CCN(Cc1ccc(F)cc1F)CC2,0
N#CCn1ncnc1-c1cccc(C#N)c1,0
CN1CCC(N(Cc2cccnc2)C(=O)NCCCc2ccccc2)CC1,1
Cc1nn(CCNS(=O)(=O)N2CCOCC2)c(C)c1C,1
Cc1nc2cc(=O)[nH]n2c(C)c1CC(=O)OC1CCCCC1,0
CCc1c2c(nc3ccc(OC(=O)N4CCC(N5CCCCC5)CC4)cc13)-c1cc3c(c(=O)n1C2)COC(=O)[C@]3(O)CC,1
CC(C)(C)C(=O)N1CCC(CN(CC(N)=O)C2CCCC2)CC1,1
Cc1ccc(F)cc1S(=O)(=O)Nc1ccc(C(=O)N2CCCC2)cc1,1
O=C(c1ccc(NS(=O)(=O)c2cccc3cnccc23)cc1)N1CCCC1,1
CS(=O)(=O)NCCN1CCc2c(Cl)cc(Cl)cc2C1,0
O=C1c2ccccc2C(=O)N1CCNc1ccc(F)cc1,0
CCc1nc(C)cc(N2CCCC3(CCNCC3)CC2)n1,1
O=C1CCCN1CCCc1nc(Cc2c(Cl)cccc2Cl)n[nH]1,1
CC(=O)N1CCN(C(=O)CS(=O)(=O)C23CC4CC(CC(C4)C2)C3)CC1,1
CCc1nnc(N2CC(N(C)C)C2)c(C#N)c1CC,0
CCc1nnc(Nc2cc(C)nc(C3CN(C(=O)C(C)C)CCO3)c2)s1,1
Cc1nc(NCc2ccc(F)cc2)n(C)n1,0
Cc1cc(C(=O)Nc2nnc3n2CCCC3)n(C)n1,0
Cc1csc2nc3n(c(=O)c12)CCNCC3,0
Cc1cc(Nc2nc(N[C@@H](C)c3ncc(F)cn3)ncc2Cl)n[nH]1,1
COCC(=O)Nc1ccc(NC(=O)Cc2ccc(C(F)(F)F)cc2)cc1,0
Cc1ccc(O)c(CN2CCC(c3nc4ccccc4o3)CC2)n1,0
Cc1nccc(NC(=O)CCc2ccncc2)c1Cl,0
Cc1ccc(S(=O)(=O)N2CCOc3ccncc32)cc1,0
COc1ccc(-c2nc(NC(C)C)ncc2-c2ncc[nH]2)cc1,1
N#Cc1cc(CN2CCC(Nc3ncnc4sc(Cl)cc34)CC2)ccc1F,1
CCOc1cccc(NS(C)(=O)=O)n1,0
CCCc1cc(C)nc(O)c1CNC(=O)c1cc(-c2ccc(N3CCN(C(C)C)CC3)nc2)cc2c1cnn2C(C)C,1
CCCc1ncncc1C(=O)NCc1nncn1CCC,1
CCc1cc(-c2ccc(OC)c3ncccc23)nc(N2CCOCC2)n1,0
COc1cn(-c2ccc(-n3cccn3)cc2F)nc(-c2ccnn2-c2ccccc2)c1=O,1
Cc1nn(C(F)F)c(C)c1CC(=O)NCCNC(C)(C)C,1
CN(CC1(CO)CCC1)C(=O)CCN1CCCCC1=O,1
Cc1cc(C)cc(OCCN(C)C(=O)NCCS(=O)(=O)N(C)C)c1,1
CC(C)CN(Cc1cnn(C)c1)C(=O)c1cccc(-c2cnccn2)c1,1
O=c1c2c(C(F)(F)F)cccc2ncn1CCc1ncc[nH]1,1
CCCCN1CCN(C(=O)c2cccc(-c3ccc(CO)cc3)c2)CC1,0
O=C(Nc1cnc2ccccc2n1)c1ccncc1,0
COc1ccc(CN2CCN(C(=O)C3CCN(C(=O)C4CC4)CC3)CC2)cc1,1
COc1cc2nc(CN3CCC(CO)CC3)[nH]c(=O)c2cc1OC,1
CC(C)=CCOc1cccc(C(=O)NN2CCOCC2)c1,0
CC#CCCNC(=O)c1cccnc1C,0
O=C(Nc1cncc2ccccc12)c1ncccn1,0
Cn1nc(-c2cc(F)cc(F)c2)cc1N,0
Cc1ccc(CNc2ncnn2C)nc1,0
CN(C)CC(C)(C)CNc1cn[nH]c(=O)c1Br,0
Cc1ccc(Oc2ccc(N)cc2)nn1,0
COCCN1CCOc2nc3c(C)cccc3cc2C1,0
C=C1C[C@@H]2[C@H](CC[C@]3(C)C(=O)CC[C@@H]23)[C@@]2(C)C=CC(=O)C=C12,0
O=C(Cn1nc(Cc2ccccc2)c2ccccc2c1=O)NCc1ncc[nH]1,1
O=C(O)c1ccccc1COc1cccc2cccnc12,0
O=C(Cn1nc(Cc2ccccc2)c2ccccc2c1=O)NCCc1c[nH]cn1,1
Cc1cc(CNC(=O)N(C)Cc2c(C)nn(C)c2C)cnc1C,1
CCc1ccc(CC)c(C(=O)CSc2nncs2)c1,0
OCc1cnnn1-c1cncc(Cl)n1,0
CCNc1nc(-c2cccnc2)nc(C)c1C,0
C#CCNC(=O)Cc1coc(-c2ccccc2)n1,0
N#Cc1ccc(C(=O)N2CCCO2)nc1,0
CN(C)C1(CNC(=O)Cn2ccc(=O)cc2)CCCCC1,0
O=C(OCC1CCSCC1)c1cccc(-n2cccn2)n1,0
CCOc1cc(CN2CCc3c(N)nc(N4CCCC4)nc3C2)ccc1OC,1
O=C(Nc1ccc(N2CCCC2)cn1)c1ccc(-c2cnco2)cc1,0
CC(=O)N(C)[C@@H]1CO[C@@H]2CCN(C[C@]3(O)CC[C@@H](C(C)(C)C)CC3)C[C@@H]2C[C@@]1(C)O,1
COCCc1nsc(Oc2ccc(C)cc2Br)n1,0
Cn1cc(NC(=O)c2cnn3cccnc23)c(C2CCCCC2)n1,0
Cn1c(SCOCc2ccccc2)nnc1C1CC1,0
COc1cc(-c2ccc(Cn3nc(C)cc3C)cn2)cc(OC)c1OC,0
Cc1cc(N2CCN(CC3CCN(C(=O)CC(C)C)CC3)CC2)n[nH]1,1
C=CCNc1ncc(-c2cnccn2)c(C2CC2)n1,0
COCCNC(=O)c1nnc2n(c1=O)CCN2c1ccccc1,1
CCC(C)(C)N1CCN(C(=O)NCCc2cc(C)no2)CC1,1
CCCC1(CNC(=O)Cn2ccc(=O)cc2)CCC1,1
Cc1cc(C(F)(F)F)nc(CCNC(=O)N(C)Cc2ccncc2C)n1,1
CN1CCC(CNC(=O)c2ncoc2-c2ccc(F)cc2)CC1,0
COc1ccc2cc(C(=O)NCc3nnc4n3CCCCC4)ccc2c1,1
Cc1cccc(NC(=O)CSc2nncs2)c1,0
CCOc1ccc(OCCN2CCN(C(C)=O)CC2)cc1,0
COC1(c2nc(Cc3ccccc3)no2)CCN(Cc2ncccc2Cl)CC1,0
CN(CCO)C(=O)c1ccc(-c2cccc(C(F)(F)F)n2)cc1,0
CCOc1ccc(CNC(=O)Cn2ccc3cc(S(=O)(=O)N4CCCC4)ccc32)cc1,1
COCCN(C)c1ccc(CN2CCOC3(CCCC3)C2)cn1,0
Cc1c(C(=O)Nc2ccc(CO)cc2)nnn1Cc1ccc(Cl)c(Cl)c1,0
O=C(C1CC1)N1CCC(CNS(=O)(=O)N2CCCCCC2)CC1,1
CN(Cc1ccc(CO)cc1)Cc1cc(F)c(F)c(F)c1,0
CN(C)c1cncc(-c2ccc(S(=O)(=O)N(C)C)cc2)n1,0
COc1ccc(=O)n(Cc2noc3c2CCCC3)n1,0
CCc1cc(=O)[nH]c(SCCCCC2CCOCC2)n1,0
Cc1nsc(Nc2ccccc2)c1C#N,0
Cc1ccccc1CCNC(=O)N(Cc1cccnc1)C1CCN(C)CC1,1
CCc1nnc(Sc2nc3cc(C)nn3c3ccccc23)[nH]1,0
COCC(=O)Nc1ccc(NC(=O)Cc2cc(C)ccc2C)cc1,0
Cc1cccc(NC(=O)CN(C)Cc2nc3ccccc3c(=O)[nH]2)c1C,1
Cc1ccc(=O)n(CCOc2ccc(Cl)c(F)c2)n1,0
Cc1ncccc1NC(=O)OC(C)(C)C,0
c1ccc(-c2ncc(CNc3ncccn3)s2)nc1,0
c1ccc(Nc2nc(N3CCNCC3)nc(N3CCOCC3)n2)cc1,1
NC(=O)c1csc(CN2CCc3cc(F)ccc3C2)c1,0
COC(=O)C1=NOC2(CCN(CCCCCF)CC2)C1,0
CCCc1cc(CNS(=O)(=O)c2cc(-c3cnc(C)o3)ccc2C)on1,1
Cc1nc(NCc2sccc2C)n(C)n1,0
CCc1nnc(N2CCCO2)c(C#N)c1CC,0
O=C1NC2(CCCCC2)C(=O)N1Cc1csc(-c2ccccc2)n1,0
Cc1ccc(CCC(=O)Nc2nccc3sccc23)o1,0
Cc1cc(Nc2ncccn2)cc(C2CCCN(CC(=O)Nc3ccc(F)cc3)C2)n1,1
N#CC1(C(=O)NCC2(C3CC3)CC2)CCCCC1,0
O=C(CSc1ccc2c(c1)OCCO2)NC1CCCC1,0
Cc1cc2nc(CCC(=O)N3CCc4n[nH]cc4C3)[nH]c2cc1C,1
O=C(c1ccc(Cl)cc1)N1CCC(c2nnc3n2CCCC3)CC1,1
COc1cccc(O[C@H]2CCN(C(=O)c3cc(-c4ccc(C)cc4)on3)CC[C@@H]2O)c1,0
N#Cc1cc(Oc2ccc3c(c2)CCC3)ncn1,0
O=C(Nc1cncc(Cl)c1Cl)c1cccc(-n2cccn2)n1,0
CC1CCC(O)(CSc2nnnn2C2CC2)CC1,0
Cc1cc(C)cc(OCCN(C)C(=O)NCCN2CCCCC2=O)c1,1
CN1CCC(=C2c3ccccc3CCc3sccc32)CC1,0
CN1CCC(CNc2nccc3cccnc23)CC1,0
COc1cccc(CN(C)c2cc(N3CCCC3)ncn2)n1,0
CCN(CC)C(=O)c1ccc(C2=CC3(CCNCC3)Oc3cccc(O)c32)cc1,1
CN(C)C(=O)c1cncc(N(C)CCN(C)C2CCCC2)n1,1
CCc1ccc(CNc2nncs2)o1,0
Cc1noc(C)c1CSC(=N)N1CCOCC1,0
O=C(O)Cc1ccc(Oc2ccncc2)cc1,0
CCc1[nH]nc(NC2CCC(C(=O)OC)CC2)c1C,0
CN(C)CC(=O)N1CCC(c2ccc(NC(=O)c3nc(C#N)c[nH]3)c(C3=CCCCC3)c2)CC1,1
CNCc1cc(NC)nc(C2CCCN2C(=O)COc2ccccc2OC)n1,0
NC(=O)CCCSc1nc(N)nc(-c2c(Cl)cc3c4c(cccc24)COC3)n1,1
CC(C)(O)Cn1nc(-c2ccccc2)c2c(Cl)c(-c3ccccc3)nnc21,0
Cn1ccc(CSc2n[nH]c(-c3cc(F)cc(F)c3)n2)n1,0
OC1(Cc2nc(-c3ccsc3)no2)CCCCC1,0
CN(Cc1cccc(Cl)c1Cl)Cc1cc(=O)n(C)c(=O)n1C,0
Cc1cc(Nc2ccc(F)cn2)cc(C2CCN(C(=O)Cn3nc(C)ccc3=O)C2)n1,1
Cc1ccc(C(=O)C2CCN(CC(=O)NC(=O)Nc3ccccc3)CC2)c(C)c1,0
CN1CCNc2nc3ccccc3nc21,0
CC1(C)CCCN1C(=O)c1c(F)cc(C#N)cc1F,0
C[C@]1(O)CN(C(=O)Cn2cnc3ccccc3c2=O)CC[C@@H]1Oc1ccccc1,1
CCN(C)S(=O)(=O)N(C)Cc1cnc2ccccc2c1,0
N#Cc1ccc2ncnc(N[C@H]3CC[C@H](N4CCOCC4)CC3)c2c1,1
c1ccc(Nc2nc(N3CCOCC3)nc(N3CCOCC3)n2)cc1,0
CO[C@@H]1CC[C@@H](N(C)C(=O)COc2c(C)cccc2C)[C@H]1O,0
CN(CC1CCC1)C(=O)C1CCN(c2ccc3nncn3n2)CC1,1
Cc1ccc(C#N)c(NCc2ccccc2-n2ccnc2)n1,0
Cc1noc(COc2cccnc2C)n1,0
CC(C)Cc1ccccc1CNCc1ccc2[nH]cnc2c1,1
Cc1cc(-c2nncc3c(C(C)(C)C)c(OCc4ncnn4C)nn23)no1,1
O=C(CSc1ccccn1)N1CCSc2ccccc21,0
COc1ccccc1C(=O)CSc1nncn1C1CC1,0
OCCC1(CNc2ncc(Br)cn2)CC1,0
CC(C)Cc1cc(CN2CCN(S(=O)(=O)N3CCOCC3)CC2)n[nH]1,1
CSc1cnc(N2CCCN(c3ncc(SC)cn3)CC2)nc1,0
COc1cc(OC)cc(N2CCC(NCC3(C)CCOCC3)CC2)c1,0
CN(C(=O)CSC(C)(C)C)c1ccccc1C#N,0
CC(C)Oc1ccc(C2(C(=O)NC3CCS(=O)(=O)CC3)CCCC2)cc1,1
C[C@@H]1CC(=O)Nc2cccc(-c3ccc4c(c3)c(-c3cnn(C)c3)nn4C)c2N1,1
Cc1cc(C)c2ccc(C(=O)N3CCN(c4ncc[nH]c4=O)CC3)cc2n1,1
Cn1ccnc1-c1noc(NCc2ccccc2)n1,0
CONC(=O)c1c(C)nn(C)c1Cl,0
N#CCN1CCC(CNC(=O)c2c(F)ccc(F)c2F)CC1,0
NS(=O)(=O)N1CCN(Cc2c(F)cccc2N2CCCC2)CC1,0
CN(CCOc1ccccc1)CC(=O)NCCc1ccccc1,0
CSc1nccc(N2Cc3cnn(Cc4ccc(F)cc4)c3C2)n1,0
COCc1ccccc1COC(=O)c1ccc(C)nc1,0
Cc1ccnc(N2CC(O)(c3ccc(F)cc3)C2)c1C#N,0
CCOC(=O)c1ccc(-n2cc(Cc3cnc(OCC)nc3)c(=O)nc2SCc2ccc(F)cc2)cc1,1
OCC1CN(c2nc3cc(F)ccc3o2)C1,0
Cn1ncnc1COc1nn2c(-c3cc(F)ccc3F)nnc2cc1C(C)(C)C,1
COc1nccnc1N1CCC(C(=O)Nc2cccc(F)c2)CC1,0
COc1ccccc1CNc1cn[nH]c(=O)c1Cl,0
CC(C)NC(=O)C1(Cc2ccccc2-c2ccncc2)CCOCC1,1
NCCOc1cccc(CC(=O)N2CCC(F)(F)CC2)c1,1
CN(C)C1(CNC(=O)N2CCC=C(c3ccccc3)C2)CCOCC1,1
CCOC1CCN(c2ccnc(C(=O)NCc3ccccc3)c2)CC1,0
CCCNC(=O)C1(NCc2cncnc2)CCCCC1,1
COc1ccc(-c2ccc(Cn3nc(C)cc3C)cn2)cc1,0
NC(=O)c1cccc(Cn2cnc3c(oc4ccccc43)c2=O)c1,1
Cn1c(=O)n(Cc2cccnc2)c(=O)c2ccc(C(F)(F)F)nc21,0
Cc1ccc(Cl)c(OC[C@@]2(O)CN(C3CCCC3)CC[C@@H]2O)c1,0
CN(Cc1nc2c(s1)CCCC2)c1cnccn1,0
Cc1cc(CN2CC(O)(CC#N)C2)ccc1F,0
Cc1cc(C(=O)NC(C)(C)C#N)nn1-c1ccc(F)cc1,0
COc1cccc(C(=O)NCC(=O)Nc2cccc3c2CCCC3)c1,0
Clc1cccc(Cl)c1Cc1n[nH]c(CCCn2cccn2)n1,1
C=CC[C@]1(O)CC[C@H]2[C@@H]3CCC4=CC(=O)CCC4=C3C=C[C@@]21C,0
CCN1CCN(c2ccc(Nc3ncnc4sccc34)cc2)CC1,0
Cc1cc(CN2CCC(N(C)c3ncc(Cl)cn3)CC2)on1,0
Cc1nc(-c2ccccc2)c(C(=O)Nc2ccc(Cl)c(Cl)c2)s1,0
Cc1[nH]nc(CCC(=O)NCCCOC2CCCC2)c1C,1
c1ccc2nc(N3CCCC4(CCNCC4)CC3)cnc2c1,1
CC1(C)[C@@H]2C[C@H]1[C@@]1(O)[C@@H](C2)Oc2c(ccc(O)c2C(=O)NCCNS(C)(=O)=O)[C@@H]1O,1
CCN1CCN(S(=O)(=O)c2c[nH]c(C(C)C)n2)c2ccccc21,1
Cn1ncnc1NCc1cc(F)cc(F)c1,0
O=C(NCC1(N2CCCCC2)CCCC1)c1cnn[nH]1,1
CNC(=O)Cc1cccc(OCCN2CCCCC2)c1,1
CC(=O)NC[C@H]1C[C@]2(C)[C@@H](CCCC[C@]2(C)O)N1CC1(O)CCCC1,1
O=C(CSCCc1ccncc1)Nc1ccccc1,0
O=C(Cc1cn2ccccc2n1)N1CCC(n2c(=O)[nH]c3ccccc32)CC1,1
Cc1nc(O)c(Cl)c(N(C)CC2CCN(C)CC2)n1,1
OC1(c2cccnc2F)CCN(Cc2ccc(-c3ccc(F)cc3)o2)CC1,0
CCN(CC(N)=O)CC(=O)N1c2ccccc2CCc2ccccc21,1
Cc1cc(N(CCO)CCCO)ncc1Br,0
O=C1CN(C(=O)c2ccc(Cl)cn2)CCN1CCc1ccccc1,0
Cc1ccc(F)c(-c2noc(N)c2C)c1,0
COc1ccc(C)nc1-c1ccc(OC)c(OC)c1OC,0
CNc1ccc(/C=C/c2ccc(OCCOCCOCCF)nc2)cc1,0
c1cc(-c2noc(CN3CCOCC3)n2)ccn1,0
COc1ccc(Cl)cc1-c1cccc(C(=O)NCCN2CCCC2=O)c1,1
COc1ccc(C(=O)c2ccc(C)cc2)c(OC)c1,0
COc1ccc(C(=O)c2ccc(Cl)cc2)c(OC)c1,0
Cc1cccc(N2CCN(CCCCNC(=O)c3c(F)cccc3F)CC2)c1,0
Cn1nc(N)c2ccc(Br)cc21,0
COC(=O)C1=NOC2(CCN(CCC(C)(C)C)CC2)C1,0
COc1cc(CN2CCCNCC2)cc2c1OCO2,1
c1ccc(CC2=NCCN2)cc1,0
Cc1cc(F)ccc1-c1nc(CCn2c(C)nc3ccccc32)no1,0
c1cnc(NCc2cnc3ccsc3c2)nc1,0
Cc1nn(C)c2ncc(CNc3ccon3)cc12,0
CC(C)C(=O)N1CCn2nc(CNC3CCc4ccccc4CC3)cc2C1,1
CCCn1cnnc1CN(C)Cc1cc(C(C)C)on1,1
CCCS(=O)(=O)c1nc(NC2CC2)cc(-c2ccc3c(ccn3C3CC(C)(C)NC(C)(C)C3)c2)n1,1
Cc1cc(C)c2c(C(=O)N3CC4(CNC(=O)N4)C3)cc(C)nc2c1,1
CN(C)S(=O)(=O)CCCN1CCc2ccccc2CC1,0
COc1cc2c(cc1OC)[C@@H]1Cc3ccc(OC)c(OC)c3CN1CC2,0
CNCc1cc(N(C)C)nc(C2CCCN2C(=O)CCc2c[nH]c3ccccc23)n1,1
CCn1c(C(=O)N(C2CC2)C2CC2)cc2c3c(ncn3C)c(Nc3cc(C)n(C)n3)nc21,1
Cc1nc(-c2ccc(S(=O)(=O)N(C)C)cc2)cc(C(C)C)n1,0
Cc1cc(C)n2nc(C)c(C(=O)NCCc3nnc(C)s3)c2n1,1
CN(C)S(=O)(=O)CCCN1CCC(CCC(N)=O)CC1,0
Cc1cccc(C)c1CNC1(CCO)CCOCC1,0
CCOc1cccc(-c2cccc(N)n2)c1,0
CN(Cc1ccc(C(=O)O)cc1)C(=O)c1ccnn1C,0
CCN(CC)CC(=O)Nc1ccc(Oc2ccc(C)nn2)cc1,0
CC(C)c1nnc(NCc2cc(F)cc(F)c2)o1,0
CSc1ccccc1S(=O)(=O)NC1CCC(CN(C)C)CC1,1
Cc1cccc(N(C)Cc2cnc(N(C)C)nc2)n1,0
CCc1sc(N)nc1-c1ccc(OC)cc1,0
O=c1c2sccc2nc2n1CCN(Cc1cc(F)ccc1F)CC2,0
COc1ccc(OC)c(S(=O)(=O)NCCC(=O)Nc2ccccc2C)c1,1
Cc1n[nH]c(C2CCN(C(=O)NC3CCN(c4ccc(F)cc4)CC3)CC2)n1,1
COCCc1noc(CN(C)C(=O)c2ccc3c(c2)CCC3)n1,0
OCCN1CCN(c2ccnc3ccc(Br)cc23)CC1,0
Cc1cccc(C)c1OCCn1nnnc1C,0
O=c1c(CO)cc2cc3c(cc2n1Cc1ccccn1)CCC3,0
COc1cccc(Oc2ccc(NC(=O)CN3CCCCC3=O)cn2)c1,1
C[C@H](NC(=O)CCC(F)(F)F)C(=O)N[C@@H]1C(=O)N(CCO)c2ncccc2-c2ccccc21,1
CNc1nc(C)nc(N[C@H]2CCC[C@@H](C(=O)NCc3ccc(C#N)cc3C(F)(F)F)C2)n1,1
O=c1c2oc3ccccc3c2ncn1Cc1ccc(F)c(F)c1,0
COc1cccc(Cc2nc3sc4c(c3c(=O)[nH]2)CCSC4)c1,0
Cc1nnc(COc2cccc(-n3ccnc3)c2)n1C1CC1,1
N#Cc1cnc2cc(F)cc(F)c2c1NC1CCN(CC(N)=O)CC1,1
Cn1cnnc1-c1cccc(NS(=O)(=O)c2cc3c(cc2Cl)OCCO3)c1,1
Cc1cc(Nc2nnc(C)s2)cc(C2CN(C(=O)Cc3csc(C)n3)CCO2)n1,1
Cc1cccc(NC(=O)CN(C)Cc2nc3ccc(Cl)cc3c(=O)[nH]2)c1C,1
Cc1cccc2cc(C(=O)NCCCn3nnc4ccccc43)n(C)c12,0
COc1ccnc(N2CC(O)(C3CC3)C2)n1,0
Cn1cnnc1-c1cccc(NS(=O)(=O)c2ccc3c(c2)OCCCO3)c1,1
O=c1c2cccnc2ncn1Cc1ccc2c(c1)CCCC2,0
CCN(CCO)Cc1nc2cc(OC)c(OC)cc2c(=O)[nH]1,1
Cc1cncc(CN2CCC(=C3c4ccc(Cl)cc4CCc4cccnc43)CC2)c1,0
CCCc1ncncc1C(=O)NCc1noc(C2CC2)n1,0
Cc1nccc(N(C)Cc2nc(-c3cccnc3)no2)n1,0
CC(C)CCN1CCc2nc3cc(C4CC4)nn3c(O)c2C1,1
Cc1c(C(=O)Nc2ccc(N3CCC(N4CCOCC4)CC3)c(C#N)c2)cnn1-c1ccc(Cl)cc1,1
CCCc1nnc(N2CCC3(CCCC3)C2)s1,0
COC(=O)c1cccc2c1CCCN2C(=O)c1ccccc1,0
N#Cc1ccc(CNc2cnc3ccccc3c2)o1,0
c1ccn2cc(CSc3ccc(-n4cccn4)nn3)nc2c1,0
COc1cc(CCNC2CCC3(CC2)OCCO3)ccc1F,0
COc1ccc(OCc2n[nH]c(-c3ncoc3C(C)C)n2)cc1,0
Cc1ccc(Cl)c(OC[C@@]2(O)CN(C3CCC3)CC[C@@H]2O)c1,0
CCc1[nH]nc(NC2CCN(C(C)C)CC2)c1C,1
CCCOc1c2c(nc3cc(C4CCOCC4)nn13)CCC2,1
O=c1c2ccccc2nc2n1CCN(Cc1ccc(F)cc1)CC2,0
O=S(=O)(NCc1n[nH]c2c1CCCCC2)c1ccc(OC(F)F)cc1,1
CN1CCN(c2oc(-c3cccc4ccccc34)nc2C#N)CC1,0
Cc1nnc(CN(C)Cc2cnn(C)c2C)s1,0
COc1ccc(CN2CC(c3ccncc3)C2)cc1Cn1cccn1,1
COc1cc2nc(N3CCN(C(=O)c4ccco4)CC3)nc(N)c2cc1OC,1
CC(CCc1ccccc1)NCC(O)c1ccc(O)c(C(N)=O)c1,1
CC1(C)Cc2cc(NC(=O)c3cnn4cccnc34)c(OCC3CC3)nc2O1,0
N#Cc1cc(F)c(NS(=O)(=O)c2c[nH]c3cc(Cl)ccc23)cc1F,0
CC(C)CC(NC(=O)C(O)C(N)Cc1ccccc1)C(=O)O,0
CCCc1nc2nc(C)c(NS(=O)(=O)c3ccc(C4CCCCC4)cc3)c(O)n2n1,1
O=C(NC1CCNCC1)c1ccc2[nH]ncc2c1,0
Cc1cccc(/C=N/Nc2cc(N3CCOCC3)nc(OCCc3ccccn3)n2)c1,0
CCn1c(=O)oc2cc(NC(=O)c3ccc(C(C)(C)C)cc3)ccc21,0
Cc1nc(-c2ccccc2)c(C(=O)Nc2ccccc2)s1,0
Cc1nnc(-c2ccc(N3CCC(Oc4cc(F)ccc4Cl)CC3)nn2)o1,0
N#Cc1ccc(NS(=O)(=O)c2c[nH]c3nc(Cl)ccc23)c(F)c1,1
COc1ccc(C(=O)N2CCN(C(=O)/C=C/c3ccc(Br)cc3)CC2)cc1,0
Cc1cn2nc(-c3cc(=O)n4cc(N5CCNC6(CC6)C5)ccc4n3)cc(C)c2n1,1
Cc1ccc(OCC2(O)CCN(CC3(O)CCN(c4ccccc4C)CC3)CC2)cc1,0
CN(C(=O)c1cc(N2CCNC2=O)ccc1F)C1CCNC1,0
O=C(Nc1cccc(N2CCNC2=O)c1)C1NCC12CCCC2,1
Cc1nnc(-c2ccc(N3CCC(Oc4ccccc4C(F)(F)F)CC3)nn2)s1,0
CC(C)(C)c1ccc(C(O)CN2CCC(O)(c3ccc4c(c3)OCO4)CC2)cc1,0
CN(C(=O)c1cc(N2CCNC2=O)ccc1F)C1CCC(N)CC1,0
NC1CCCC1C(=O)N1CCC(c2c[nH]c3ncccc23)CC1,1
NC1CCCC(C(=O)Nc2ccc3[nH]ncc3c2)C1,0
NC1CC(NC(=O)c2ccc(-c3cn[nH]c3)cn2)C12CCC2,1
NC1CCCC(C(=O)N2CCC(c3c[nH]c4ncccc34)CC2)C1,0
Cc1nc2cc(C(=O)NC34CCCC3NCC4)ccc2c(=O)[nH]1,0
CNc1nc(C)cc(C(=O)Nc2ccc3[nH]ncc3c2)n1,0
O=C(Nc1ccc(CN2CCCCC2)cc1)c1ccnc2[nH]cnc12,1
CCc1c[nH]c2ncnc(N3CCC(CN4CCN(C)CC4)CC3)c12,1
NC(=O)c1cnc(N2CCc3[nH]nc(C(F)(F)F)c3C2)c(Cl)c1,1
NC1CCCC(C(=O)Nc2cccc(N3CCNC3=O)c2)C1,0
CC1CC(N)CCN1C(=O)c1cc(N2CCNC2=O)c(F)cc1F,0
c1sc(NCC2CCCO2)nc1C12CC3CC(CC(C3)C1)C2,0
COc1ccc(-c2nn3c(-c4ccco4)nnc3c3ccccc23)cc1,0
CCCCOc1ccccc1-c1cc(C(=O)NCc2ccccc2C)[nH]n1,0
O=C(Nc1ccc(Cl)cn1)C1(c2cccc(Cl)c2)CC1,0
Cc1cccc(NC2CCN(C(=O)OC(C)(C)C)CC2)c1,0
COc1cccc2cc(C(N)=S)/c(=N/Nc3ccccc3)oc12,0
O=C1N=C(N2CCCCN2)S/C1=C\c1ccc(F)cc1O,0
N#Cc1ccc(COc2cnc3ccccc3n2)cc1,0
COc1ccc(C(=O)Nc2cc(-c3ccc(F)c(F)c3)no2)cc1,0
CCCNC(=O)Nc1ccc(Oc2ncnc3cc(OC)c(OC)cc23)cc1Cl,1
Nc1nc2c3ccccc3oc2c2ccccc12,0
COc1ccccc1N1CCN(c2nc(-c3ccc(C)cc3)cc(=O)[nH]2)CC1,0
c1ccc(Cc2ccccc2-c2nnc(-c3cccnc3)o2)cc1,0
Nc1nc(N)c2c(OCC3CCN(Cc4c(Cl)cccc4Cl)CC3)cccc2n1,0
Cc1ccc(NC(=O)c2c([O-])n(-c3ccc(C)cc3)n[n+]2Cc2ccccc2)cc1,0
N#C/C(=C\c1cnn(Cc2ccccc2)c1)c1nc2cc(Cl)ccc2c(=O)[nH]1,0
CC(C)OC(=O)N1CCC(Oc2ncnc3c2cnn3-c2ccc(S(C)(=O)=O)cc2F)CC1,0
O=C1/C(=C2/CCCCCN2)C(Nc2ccccc2)=NN1c1ccccc1,0
Fc1cccc(Cn2nnc(-c3ccccc3)n2)c1F,0
O=C(O)c1ccc(-c2c[nH]c3ncc(-c4ccccc4)cc23)cc1C1CCCC1,0
CCN(c1ccccc1)S(=O)(=O)c1ccc(C(=O)Nc2ccccc2C(C)=O)cc1,0
CN(C(=O)c1cc2ccc(C(C)(C)C)cc2[nH]1)C1(C#N)CCC1,0
COc1ccc(C(C)(C)C)cc1NC(=O)C1(C#N)CCCC1,0
Cc1cc(F)ccc1NC(=O)c1cccc2cccnc12,0
CC(C)(C)c1ccc(C(=O)Nc2ccc(C(=O)Nc3ccccc3)cc2)cc1,0
Cc1cc(C)c(NC(=O)Cn2nnn(-c3cccs3)c2=O)c(C)c1,0
COc1cc2ncn(-c3cc(OCc4ccccc4S(C)(=O)=O)c(C#N)s3)c2cc1OC,1
Cc1oc2cc(OCC(=O)Nc3nccs3)ccc2c(=O)c1Oc1ccc(F)cc1,0
FC(F)(F)c1ccc(Nc2nc3cc(Oc4ccnc(-c5ncc(C(F)(F)F)[nH]5)c4)ccc3[nH]2)cc1,0
CCOC(=O)C1CCN(C(=O)c2cc3occc3c(Nc3ccc(F)cc3)n2)CC1,0
Cc1cc(C)c(S(=O)(=O)Nc2ccc3c(c2)OCO3)c(C)c1-n1cnnn1,1
O=C(Nc1nncs1)c1ccc(N2CCC3(CCCCC3)C2)nc1,0
Cc1cc(NC(=O)Cn2nc(C3CC3)ccc2=O)ccc1Cl,0
CS(=O)(=O)c1ccc(-c2nnc(/C=C/c3nnc(-c4ccc(C#N)cc4)o3)n2-c2ccccc2Cl)nc1,1
O=C(Nc1ccccc1)Nc1ccc(OC(F)(F)F)cc1,0
COc1ccc2nc(C(=O)Nc3cnc4c(cnn4C(C)C)c3)ccc2c1,0
Cc1cccc2sc(NC(=O)c3cccnc3)nc12,0
Cc1ccc(C(N)=O)c(OCc2c(Cl)ccc3cccnc23)c1,0
O=C(Cn1nc2n(c1=O)-c1ccccc1C1=NCCN12)N1CCc2ccccc21,1
CN(C(=O)OC(C)(C)C)c1ccc2ccccc2n1,0
c1ccc2c(c1)nnn2Cc1ccc2c(c1)OCO2,0
O=C(Nc1ccccc1)c1sc(N2CCOCC2)nc1-c1ccccc1,0
Cc1nc(-c2ccccc2)c(C(=O)Nc2ccc(Cl)c(C(F)(F)F)c2)s1,0
Cc1ccc(S(=O)(=O)Cc2nc(-c3ccc(C(=O)NCc4cccnc4)cc3)oc2C)cc1,1
Cc1c(NC(=O)c2cc(C(N)=O)nc3cc(F)ccc23)c(C(F)(F)F)nn1Cc1ccc(C#N)cc1,1
COc1ccc(-c2cnn3c(N)c(-c4ccccc4)cnc23)cc1OC,0
COc1ccc(-c2nnc3nn(C)c(=O)n3c2-c2ccc(OC)cc2)cc1,0
COc1ccc(-c2csc(CC(N)=O)n2)cc1,0
CNC(=O)c1ccc(/C=C/c2nc3cc(Cl)ccc3o2)cc1,0
CCOC(=O)c1ccc(OCC(=O)c2c[nH]c3ccccc23)cc1,0
Cc1cnc(NC(=O)c2cc(S(=O)(=O)N(C)C)ccc2N2CCCC2)s1,1
O=c1[nH]c2nc(N3CCc4ccccc4C3)ncc2c(=O)n1-c1ccccc1,0
COCc1noc(-c2ccc(-c3cc(C)cc(C)c3)nc2)n1,0
Oc1cccc(/C=C/c2nc3ccccc3o2)c1,0
Clc1cc2c(NC3CCCC3)nnc(-c3ccncc3)c2cc1Cl,0
C=CC(=O)Nc1cc(-n2c(=O)ccc3cnc4ccc(-c5ccc(NS(C)(=O)=O)cc5)cc4c32)ccc1C,1
Cc1cccc(OCC(=O)Nc2ccc3c(c2)C(=O)N(c2ccccc2)C3=O)c1,1
Cc1ccc(-c2csc(CC(N)=O)n2)cc1C,0
CS(=O)(=O)N1CCc2cc(C(=O)NCCOc3ccc4ccccc4c3)ccc21,0
Cc1cccc(Nc2ccc(C3CCN(C(=O)c4cc5cc(F)ccc5n4C)CC3)nc2)n1,0
CC(C)C(=O)Nc1ncc(-c2ccccc2)s1,0
Cc1cc(C)c(-c2csc(NC(=O)Cn3cnnn3)n2)c(C)c1,1
O=C(Nc1ccccc1)c1c([O-])n(-c2ccccc2)n[n+]1Cc1ccccc1,0
CN1CCN(C2=c3ccccc3=Nc3ccc(Cl)cc3N2)CC1,0
COc1ccc(OCc2nn3c(-c4ccc(OC)cc4)nnc3s2)cc1,0
N#Cc1c(O)nc(SCc2cccc(F)c2F)nc1C1CC1,0
Cn1cc(-c2ccnc(/C=C/c3ccc(F)cc3Br)n2)cn1,0
Nc1nc(-c2ccccc2)c(C(=O)Nc2ccc(Cl)c(Cl)c2)s1,0
Cc1ccccc1Cn1c(=O)c2c(nc3n(-c4ccccc4O)c(C)cn23)n(C)c1=O,1
NC(=O)c1ccc(N2CCCCC2)c(NC(=O)c2ncoc2-c2ccc3ccccc3c2)c1,0
Cc1nc(Nc2ccc(F)cc2)nc2c1ncn2-c1ccc(F)cc1,0
CC(C)c1ccccc1OC(=O)NCCc1ccc2ccccc2c1,0
Fc1ccc(Nc2nc(N3CCCCC3)c3nccnc3n2)cc1,0
Cc1nnc(-c2ccccc2NCc2ccsc2)o1,0
Fc1ccc(-n2cc(/C=C/c3ccnnc3)nn2)cc1Cl,0
Cc1cc(C(=O)NC2CCN(c3nc(-c4cccs4)nc4ccccc34)CC2)on1,0
Cc1cn2c3c(=O)n(Cc4ccccc4Cl)c(=O)n(C)c3nc2n1-c1ccccc1O,1
Cc1sc2ncnc(OCC(=O)Nc3ccc4c(c3)OCO4)c2c1C,0
O=c1c2cc(OCc3ccc(Cl)cc3)ccc2nc2n1CCCCC2,0
COc1ccc2c(-c3ccccc3)cc3nnnn3c2c1,0
CC(C)COc1cc(F)cc(-c2cncc(C(=O)N3CCCC3)n2)c1,0
COc1cccc(N2CCN(c3nc(C)cc(C)c3C#N)CC2)c1,0
CCc1nnc2c3ccccc3nc(Nc3ccc(OC)cc3)n12,0
O=S(=O)(c1ccccc1Cl)N1CCCc2cnc(N3CCOCC3)nc21,0
COc1ccccc1NC(=O)CSc1nc(C(C)(C)C)nc2ccccc12,0
Cc1ccc2[nH]c(C3CN(C(=O)Cc4cccc5ccccc45)C3)nc2c1,1
Cc1nc(-c2ccccc2)c(C(=O)Nc2ccc(Cl)cc2)s1,0
CCOc1ccc(S(=O)(=O)N(CC)CC(=O)Nc2ccc3c(c2)OCO3)cc1,0
CC(C)(C)Nc1cc(NCC2CCOCC2)c2ncc(-c3ccc(C(=O)NC4CC4)cc3)n2n1,1
CC(C)(O)CNc1nc(Nc2ccnc(C(F)(F)F)c2)nc(-c2cccc(C(F)(F)F)n2)n1,1
Cc1ccc2c(c1)c1nc3ccccc3nc1n2CC(N)=O,0
CCN(c1ccc(C(C)C)cc1)S(=O)(=O)c1ccccc1,0
Cc1ccc(-c2nc(CN3C(=O)C(=O)N(C4CCCC4)C3=O)cs2)cc1,0
CCCCOc1ccc(-c2cc3c(=O)[nH]ccn3n2)cc1,0
c1ccc(CNc2nn3nnnc3c3ccccc23)cc1,0
COC(=O)c1ccc(NS(=O)(=O)c2ccc3c(c2)n(C)c(=O)n3C)cc1,1
CS(=O)(=O)N1CCc2c(cccc2NC(=O)c2ccc(F)cc2)C1,1
Cc1cc(NC(=O)N2Cc3cc4c(cc3C3(CCCC3)C2)OCCO4)no1,0
Cc1ccsc1C(=O)Nc1nc2ccccc2s1,0
CCC(=O)Nc1cccc(C(=O)N2CCN(C)Cc3ccccc32)c1,1
C1CCN(c2nc(NC3CC3)nc(N3CCCCC3)n2)CC1,0
Cc1ccc(-c2ccc(NC(=O)c3ncoc3-c3ccccc3)cc2)o1,0
CCOc1ccc(C(=O)Cn2c(=O)n(-c3ccc(F)cc3)c3nc(C)nc(C(N)=O)c32)cc1,0
CSCC(=O)Nc1nc(-c2ccc(C3CCCCC3)cc2)cs1,0
Cc1cccc(CNc2cccc3c2CCN(S(C)(=O)=O)C3)c1,0
Cc1ccc(C(=O)COC(=O)c2cc(O)nc3ccccc23)cc1,0
COc1cccc(NC(=O)c2c([O-])n(-c3cccc(OC)c3)n[n+]2C)c1,0
CC(C)NC(=O)c1cn(-c2ccccc2)nc1-c1ccccc1,0
O=C(Cn1cccc(C(=O)Nc2cccc(-n3cccn3)c2)c1=O)NC1CCCCC1,1
Oc1ccc(-c2noc(C3CC3)n2)cc1,0
c1ccc(OCc2nc3cc4ccccc4cc3[nH]2)cc1,0
CCCCOc1ccccc1-c1cc(C(=O)NCCc2cccs2)[nH]n1,0
O=C(Nc1ccc2c3c(cccc13)CC2)c1ccc(-n2cncn2)cc1,0
COc1cc(OC)cc(-n2c(S)nnc2COc2cccc3ccccc23)c1,0
Cc1ccc(CC(=O)NCc2cccc(C(=O)Nc3ccccc3)c2)cc1,0
O=c1c(=O)n(-c2ccc(F)c(F)c2)ccn1Cc1ccccc1Cl,0
Cc1ccc(Cn2ccn(-c3ccc(F)c(F)c3)c(=O)c2=O)cc1,0
COc1cccc(-c2nnn(Cc3cc(F)cc4cccnc34)n2)c1,0
Cc1ccc(-n2nc(C(C)(C)C)cc2NC(=O)NCc2cc(F)ccc2Oc2ccc3c(cnn3CCO)c2)cc1,1
O=C(Nc1nc(-c2cccnc2)cs1)C1CCCCC1,0
COc1cccc(-n2c(S)nnc2COc2cccc3ccccc23)c1,0
N#Cc1cc2c(nc1SCc1cccnc1)CCCCCC2,0
N#Cc1c(N)nc(SCC(N)=O)c(C#N)c1-c1ccc(OCC2CC2)cc1,1
Cc1csc(-c2nnc(Nc3ccc(Oc4ncccc4-c4ccnc(N)n4)cc3)c3ccccc23)c1,0
Cc1cc(F)ccc1S(=O)(=O)N1CCCc2cnc(N3CCOCC3)nc21,0
O=C1CCCN1c1ccc(S(=O)(=O)Nc2cccc(-c3nnc4n3CCC4)c2)cc1,1
Cc1cc(C)n2ncc(C(=O)N[C@H]3CC[C@@H](C(C)C)CC3)c2n1,0
Cc1ccc(C(=O)Nc2ccc(CN3CCN(C)CC3)c(C(F)(F)F)c2)cc1C#Cc1cnc2cccnn12,1
Cc1cc(C)c(-c2csc(CC(N)=O)n2)cc1C,0
CCOC(=O)CCN1CCC=C(Br)C1,0
COc1cc(Nc2c(C#N)cnc3cc(OCCCN4CCN(C)CC4)c(OC)cc23)c(Cl)cc1Cl,1
Cc1ccc(Nc2nccc(N(C)c3ccc4c(C)n(C)nc4c3)n2)cc1S(N)(=O)=O,1
O=C(NNc1ccccc1)c1ccncc1,0
CN(C)C(=O)C(CCN1CCC(O)(c2ccc(Cl)cc2)CC1)(c1ccccc1)c1ccccc1,1
Cc1cn(-c2cc(NC(=O)c3ccc(C)c(Nc4nccc(-c5cccnc5)n4)c3)cc(C(F)(F)F)c2)cn1,1
COc1cc2c(cc1OC)CN(C(=O)C1CCCN(C(=O)c3ccc(Cl)cc3)C1)CC2,1
COc1cccc(S(=O)(=O)N2CCOC(c3c(C(N)=O)sc4ncccc34)C2)c1,1
O=C(Nc1nc2ccccc2[nH]1)c1ccc(-n2cccc2)cc1,0
CNc1cc(Nc2cccn(-c3ccccn3)c2=O)nn2c(C(=O)N[C@@H]3C[C@@H]3F)cnc12,1
CN(c1ncc(F)cn1)[C@H]1CCCNC1,0
CC#CC(=O)N[C@H]1CCCN(c2c(F)cc(C(N)=O)c3[nH]c(C)c(C)c23)C1,1
COc1cc2c(cc1OC)CC(=O)N(CCCN(C)C[C@H]1Cc3cc(OC)c(OC)cc31)CC2,1
C=CC(=O)N1C[C@H](Nc2ncnc3[nH]ccc23)CC[C@@H]1C,1
Cn1cc(Nc2nccc(N3CC4CCC(C3)N4C(=O)[C@@H]3CC3(F)F)n2)cn1,1
Cn1cc(-c2cn3nccc3c(-c3cnn([C@]4(CC#N)C[C@@H](C#N)C4)c3)n2)cn1,1
N#CC[C@H](C1CCCC1)n1cc(-c2ncnc3[nH]ccc23)cn1,1
C=CC(=O)N1CCC[C@H](n2c(=O)n(-c3ccc(Oc4ccccc4)cc3)c3c(N)ncnc32)C1,1
CC(C)(C=C(C#N)C(=O)N1CCC[C@@H](n2nc(-c3ccc(Oc4ccccc4)cc3F)c3c(N)ncnc32)C1)N1CCN(C2COC2)CC1,1
CC#CC(=O)N1CC[C@@H](n2cc(-c3ccc(Oc4c(F)cccc4F)cc3)c3c(N)n[nH]c(=O)c32)C1,1
Cc1c(Cl)ccc2cc3n(c12)[C@@H](C)CNC3=O,0
Cc1ncc(CN2CC[C@@H](Nc3cncc(Cl)n3)[C@@H](C)C2)s1,0
C[C@@H]1CCN(C(=O)CC#N)C[C@@H]1N(C)c1ncnc2[nH]ccc12,1
OC[C@H](Nc1cncc(-c2ccc3[nH]ncc3n2)c1)c1ccccc1,1
CCn1c(CO)nn(-c2cc(O[C@@H](C)C(F)(F)F)c(C(=O)Nc3c(F)cccc3Cl)cc2F)c1=O,1
CC(=O)Nc1ncc(CN2CCCC[C@@H]2C)s1,0
O=C(Nc1cccc2ncccc12)[C@H]1CCCN(S(=O)(=O)c2ccccc2)C1,1
C[C@@H]1Cc2ccccc2N1C(=O)Cn1nc(-c2cccc3ncccc23)oc1=O,0
CC(=O)NCC(=O)N1[C@@H]2CC[C@H]1c1ccc(Nc3ncc(C(F)(F)F)c(NC4CCC4)n3)cc12,1
CC[C@@H]1[C@H](F)C(=O)N[C@@H]1COc1nccc2cc(C(N)=O)c(OC)cc12,1
C[C@@]1(c2ncncc2F)NC(=O)c2cc(-c3cn[nH]c3)ccc21,1
N#CN1CCC[C@H](n2nc(-c3ccc(Oc4ccc(F)cc4F)cc3)c(C(N)=O)c2N)C1,1
O=C1Nc2ccccc2O[C@H]2C[C@@H]1N(CC1CC1)C2,0
O=C(c1cc2ccccc2[nH]1)N1C[C@@H](O)[C@H](N2CCOCC2)C1,0
CC(=O)N1CCC[C@H]1C(=O)Nc1cccc(OC(F)F)c1,0
O[C@@H]1C[C@@H](c2nc(-c3ccccc3)no2)N(Cc2ccccc2)C1,0
c1ccc(CO[C@@H]2CCC[C@H]2n2cc(-c3nccs3)nn2)cc1,0
NS(=O)(=O)OC[C@@H]1C[C@@H](n2ccc3c(N[C@H]4CCc5ccccc54)ncnc32)C[C@@H]1O,1
O=C(c1ccccc1F)N1CCC[C@@H]1Cn1nnn(-c2cccs2)c1=O,0
C[C@@H](C(=O)N1CCCC1)N1CCC(n2c(=O)[nH]c3ccccc32)CC1,1
O=C([C@H]1CCCN(Cc2ccc(Cl)cc2)C1)N1CCc2ccccc2C1,0
CN(C)[C@@H]1CN(C(=O)CCn2cnc3ccccc32)C[C@H]1O,0
N#Cc1cc(F)c(C(=O)Nc2ccnc(NC(=O)[C@H]3C[C@H]3F)c2)c(Cl)c1,1
COc1cccc2c1OC(C)(C)[C@@H]1C[C@H]3CNCC[C@H]3O[C@@H]21,1
CC1(C)Oc2ccc(Cl)cc2[C@@H]2O[C@@H]3CCNC[C@@H]3C[C@H]21,1
CC(C)c1nccn1-c1cccc([C@@H]2CCCN2C(=O)CCc2ccccc2)n1,1
O=C([C@H]1CCCN(Cc2ccc(F)cc2)C1)N1CCc2ccccc2C1,0
OC[C@@H](c1ccccc1)n1cc(CCc2ccccc2)nn1,0
Cc1nn(C)c2nc(N3CCN(C)C[C@@H]3c3ccccc3)sc12,0
Cc1nnc(N2CC[C@H](O)C2)c(C#N)c1C,0
Cc1ccc(Cn2nc(C(=O)N[C@@H]3C(C)(C)[C@@H]4CC[C@@]3(C)C4)cc2-c2ccc(Cl)c(C)c2)cc1,0
COc1cccc(OC)c1-c1cc(C(=O)N[C@@H](CC(C)C)C(=O)O)nn1-c1ccnc2cc(Cl)ccc12,1
CC(=O)N1CCN(C(=O)[C@H]2CCCCN2C(=O)OC(C)(C)C)CC1,1
CC(C)c1nc(O)c2nnn(C[C@@H]3CCCN(Cc4cccs4)C3)c2n1,1
CC(C)C[C@@H](C(N)=O)n1ccnc1-c1cccc2ccccc12,1
Fc1ccc2[nH]c(CO[C@H]3CN(Cc4ccccc4)C[C@H]3F)nc2c1,0
Cc1ccc(CN2CC[C@H](c3nnc(-c4ccccc4F)o3)C2)o1,0
Cc1ccc([C@@H]2N[C@@H](Cc3ccccc3)C(=O)N2C)o1,0
CC1(C)O[C@@](C)([C@H]2CC3(CCNCC3)CO2)CC[C@@H]1O,0
C[C@@H](CO)Nc1nc(C(F)(F)F)nc2[nH]cnc12,1
Cc1cc(N2CCN(C(=O)OC(C)(C)C)[C@H](C)C2)ncn1,0
COc1ccccc1CNc1n[nH]c2nc([C@H]3CCCN(CC(=O)N4CCCC4)C3)ccc12,1
CC(C)[C@H](NC(=O)c1c(F)cccc1F)C(=O)N1CCOCC1,1
CN(C)C1=N[C@@H]2[C@@H](O)[C@H](O)[C@@H](CO)O[C@@H]2S1,0
O=C(NC[C@H]1COCc2nc3ccccc3n21)c1ccncc1,1
CO[C@H]1CC[C@H](C(=O)NC[C@H]2CC[C@H](c3nnc(-c4nccc5ccccc45)o3)CC2)CC1,1
Cc1noc([C@@H]2C[C@H](NC(=O)c3ccc(F)cc3)CN2C)n1,0
Cc1ccsc1CN(C)C(=O)[C@@H]1CCCN1C(=O)NC(C)C,1
CO[C@@H](C(=O)Nc1cc2c(C)cc(=O)oc2cc1C)c1ccccc1,0
CC(C)NC(=O)N1CC[C@H](NC2=Nc3cc(F)ccc3N(CC(F)F)c3ccc(Cl)cc32)C1,1
CSc1ccc(-c2ccc3n(c2=O)C[C@@H]2CNC[C@H]3C2)cc1,0
O=C(C1CC1)N1CC[C@@H](Cc2n[nH]c(=O)n2-c2ccc(-c3ccc4occc4c3)cc2)C1,1
Cc1cnc(C(=O)N[C@H]2CCOC[C@@H]2O)cc1Cc1ccc(-c2cscn2)cc1,1
O[C@@H]1CO[C@H]2C[C@@H]1Nc1c(-c3ccccc3)cccc12,0
CC(C)c1noc2nc(C3CC3)cc(C(=O)N3CC[C@H](N)C3)c12,1
CCN(Cc1ccncc1)[C@@H]1CN(C(=O)c2ccccc2)C[C@H]1O,1
COCC(=O)N1CC[C@H](c2nnc(-c3ccc(C)cc3)o2)C1,0
CC(C)C[C@@H](CO)n1cc(-c2ccccc2Cn2cccn2)nn1,1
O=C(CCCc1cc(Cl)sc1Cl)N1CC[C@H](O)C1,0
CO[C@H]1COCCN(C(=O)c2cccnc2)C1,0
COc1cc(/C=C2\CCCN([C@@H](C)c3ccc(F)cc3)C2=O)ccc1-n1cnc(C)c1,0
COc1ccc(-c2noc([C@@H]3CCCN3Cc3cccnc3)n2)cn1,0
Cn1cncc1CCNC(=O)[C@H]1CC1(C)C,1
O=C(NC[C@H]1CCN(c2ccccc2)C1)N1CCc2sccc2C1,0
CC(C)[C@H](Nc1ncc(Cl)cn1)C(=O)N1CCCC1,0
CC(=O)NCCCOc1ccc(CN2C[C@H](Oc3cccc(C)c3)[C@@H](O)C2)cc1,1
N[C@H](Cc1c[nH]c2ccccc12)C(=O)N/N=C/c1ccc2nccnc2c1,1
CC(C)c1nc(O)c2nnn(C[C@@H]3CCCN(C(=O)C(C)(C)C)C3)c2n1,1
N#Cc1cccc(-c2ccc(=O)n3c2[C@@H]2C[C@@H](CN(Cc4cccs4)C2)C3)c1,1
CSc1ccc(-c2ccc3n(c2=O)C[C@H]2C[C@@H]3CN(C(=O)c3ccncc3)C2)cc1,1
COc1ccccc1-c1nnc([C@H]2CCN(Cc3ccccc3C)C2)o1,0
Cc1ccc2oc([C@H]3CCN(Cc4cccs4)C3)nc2c1,0
CC(C)(C)C[C@@H]1COCc2nc(OCc3ccccn3)cc(=O)n21,0
O=C(c1ccccc1)N1CCN2C(=O)N(Cc3ccccc3)C(=O)[C@H]2C1,0
CCN1C(=O)CC[C@H](C(=O)N2CCc3cc(F)cc(C)c3C2)[C@H]1c1ccncc1,1
COc1ccc(-c2nc(CN3CCC[C@H](O)C3)no2)cc1,0
O[C@@H]1CO[C@H]2C[C@@H]1Nc1c(Cc3ccccc3)cccc12,0
Cc1cc(F)ccc1CC(=O)N[C@@H]1CCOC[C@H]1OCCO,1
COc1ccc(-c2noc([C@@H]3CCCN3Cc3ccccc3)n2)cn1,0
Cc1ncsc1C(=O)N1C[C@@H]2CCCN(C(=O)c3scnc3C)[C@@H]2C1,1
O=C1NCC2(C/C=C\CCOc3ccccc31)CCN(C(=O)c1ccc3[nH]nnc3c1)CC2,1
COc1cccc(CN2CCN(C(=O)Cc3ccc(C)cc3)[C@@H](C)C2)c1,0
O[C@@H]1CCCC[C@H]1N1CCC(c2ccccc2)CC1,0
Cc1cc(=O)n(C)c2cc(N3C(=O)CC[C@H](NS(=O)(=O)CC(C)C)[C@H]3c3ccc(Cl)cc3)ccc12,0
Cc1ccccc1C(=O)N1CCC[C@@H]1Cn1nnn(-c2cccs2)c1=O,0
C[C@@H](/C=C\C(F)(F)F)Oc1cc(-c2cc(-c3cc(CN(C)C)cs3)cnc2N)ccc1C(N)=O,1
O[C@@H]1C[C@@H](c2nc(-c3cccnc3)no2)N(CCCc2ccccc2)C1,0
COC(=O)[C@@H]1Cc2ncn(Cc3ccccc3)c2CN1C(C)=O,1
O=C1N[C@@H]2CCN(C(=O)c3ccc(-c4ccccc4)cc3)[C@@H]2C(=O)N1c1ccc(F)cc1,1
CC(C)(C)C(=O)N1CCC(CN2CCCC[C@@H]2CO)CC1,1
Cc1ccc(-c2ccnc(N3C[C@@H](C)NC[C@@H]3C)n2)c(C)n1,1
Cc1ccc(C(=O)NC[C@H]2Cn3ccnc3CO2)cc1,1
Cc1nc(CN2C[C@@H](c3ccc4c(c3)OCO4)[C@@H]3[C@H]2C2CCN3CC2)co1,1
N#Cc1cccc(CN2CCOC[C@H](Oc3ccccc3)C2)c1,0
CN1CC[C@@H](c2c(O)cc(O)c3c(=O)cc(-c4ccccc4Cl)oc23)[C@@H]1CO,1
Cc1ccc(-c2nnc([C@H]3CCN(Cc4cc5ccccc5o4)C3)o2)cc1,0
CC(C)CN1CC[C@H](c2nc3ccc(C#N)cc3[nH]2)C1,0
O=C(O)c1ccc(CN2CC[C@H](c3nc4cc(Cl)ccc4o3)C2)cc1,0
Cc1noc(-c2ccc(-c3ccc(CC(=O)O)cc3)cc2)c1NC(=O)O[C@H](C)c1ccccc1Cl,1
CN(C[C@@H]1COCCO1)S(=O)(=O)Nc1ccc2ccc3ncc(-c4cnn(C)c4)cc3c(=O)c2c1,1
N#Cc1cccc(-c2ccc(=O)n3c2[C@@H]2C[C@@H](CN(Cc4ccc(F)cc4)C2)C3)c1,1
CNC(=O)c1ccc2c(c1)CCO[C@H]2CCN1CCN(c2ccc(C(N)=O)cc2)CC1,1
CN1C(=O)[C@H](Cc2ccccc2)N[C@@H]1C(C)(C)C,0
Cc1cc(C)c(-n2cccn2)c(-c2cn(C[C@@H]3CCCO3)nn2)c1,0
O=C1Nc2ccccc2O[C@H]2C[C@@H]1N(Cc1cccnc1)C2,1
CN(C)c1ccc(C(=O)N2CCN3C(=O)N(Cc4ccccc4)C(=O)[C@H]3C2)cc1,0
COC(=O)[C@@H]1C[C@H](O)CN1CCc1ccccc1F,0
[2H]c1nc(C)nc([2H])c1-c1cc(NC[C@@H](C)c2cccc3c(C(=O)NC)ccnc23)ncn1,1
O=C(Nc1ccc2[nH]ncc2c1)[C@H]1CCCNC1,0
Cc1ccc2occ(CN3C[C@H]4CCCN4C[C@H]3C)c(=O)c2c1,0
COC[C@@H](O)Cn1c(C)nc2ccccc21,0
CC1(C)[C@H]2CC=C(CN3CCC4(CCC(=O)N4)CC3)[C@@H]1C2,0
O=C(CC[C@@H]1CCCN2CCCC[C@H]12)NCc1ncc(Cl)cn1,1
COc1cccc(C)c1C(=O)N[C@H](CO)CCSC,0
CC(C)N(CCCNC(=O)Nc1ccc(C(C)(C)C)cc1)C[C@@H]1O[C@@H](n2ccc3c(N)ncnc32)[C@H](O)[C@H]1O,1
COc1nc2c(cc1CNC(=O)N1CCC[C@@H]1CO)C(=O)N(C1CCCC1)C2,1
Cc1cc(NC(=O)[C@H](C)N(C)C)c2ccccc2n1,0
O=c1c2ccncc2ncn1[C@H]1CCN(Cc2ccccc2)C1,0
Cc1nc(-c2cccc(-c3ccc(C(=O)NC[C@@H]4CCCN4)cc3)c2)no1,1
C[C@@H]1NC(=O)N(CCC2Cc3ccccc3C2)C1=O,0
CO[C@H]1/C=C\C=C(\C)C(=O)NC2=CC(=O)C(NCCN(C)C)=C(C[C@@H](C)C[C@@H](OC)[C@@H](O)[C@@H](C)/C=C(/C)[C@H]1OC(N)=O)C2=O,1
COc1nc2c(cc1CNC(=O)N1CC[C@@H](O)C1)C(=O)N(C1CCCC1)C2,1
CC1(C)CC(=O)c2c(C(F)(F)F)nn(-c3ccc(C(N)=O)c(N[C@H]4CC[C@@H](O)CC4)c3)c2C1,1
Cc1c(C(=O)Nc2ccc(N3C[C@@H](C)O[C@H](C)C3)nc2)cccc1-c1ccc(OC(F)(F)F)cc1,0
COc1ccccc1/C=C/CN1C[C@H]2CCCN2C[C@@H]1C,0
C[C@H]1CN2C[C@H](O)C[C@@H]2CN1Cc1cccc2ccccc12,0
COC(=O)N[C@H](C)CNc1nccc(-c2cn(C(C)C)nc2-c2cc(Cl)cc(NS(C)(=O)=O)c2F)n1,1
C[C@@H](NC(=O)N1CCC2(CCN(C)CC2)C1)c1ccc(F)cc1,0
CC(C)n1c(=O)cc(N[C@@H](C)c2ccccc2)[nH]c1=O,1
O[C@H]1CC[C@H](Nc2ncc3nc(Nc4c(F)cc(F)cc4F)n([C@H]4CCOC4)c3n2)CC1,1
O=C(Nc1ccccc1)Nc1ccc(-c2ccc(C(=O)[C@H]3CCC[C@@H]3C(=O)O)cc2)cc1,1
Cc1cc(OCCCS(C)(=O)=O)cc(C)c1-c1cccc(COc2ccc3c(c2)OC[C@@H]3CC(=O)O)c1,1
O=C(Nc1nccs1)[C@@H]1C[C@@H]2CCCC[C@@H]2N1C(=O)c1ccccc1,1
COCCOc1cnc2ccn([C@H](C)c3nnc4c(F)cc(-c5cnn(C)c5)cn34)c(=O)c2c1,1
O=c1c2cccnc2ncn1[C@H]1CCN(Cc2ccccc2)C1,0
Cc1cn2cc(C(=O)N(C)CCO)cc(N[C@@H]3CCOc4cccc(C)c43)c2n1,1
CCCc1cc(CNC(=O)N2C[C@H]3C[C@@H](C2)c2cccc(=O)n2C3)on1,1
C[C@@H](c1ccccc1)N(C)C(=O)NCCN(C)CCO,1
O=C(Nc1ccncc1)[C@H]1CCCN(S(=O)(=O)c2ccc(Cl)cc2)C1,1
O=C(CC[C@@H]1CCCN2CCCC[C@H]12)NCc1cnc2c(c1)CCC2,1
CN1CCc2nc(C(=O)N[C@H]3C[C@@H](C(=O)N(C)C)CC[C@@H]3NC(=O)C(=O)Nc3ccc(Cl)cn3)sc2C1,1
Cc1n[nH]c2c1[C@H](c1ccccc1)C1=C(CC(C)(C)CC1=O)N2,1
CC(C)Oc1ccc(CCNC(=O)N2CCC[C@H]2C(=O)N2CCCCC2)cc1,1
Cc1ccc(OC[C@@H](O)[C@H](C)NC(C)C)c2c1CCC2,0
CC(C)N(CCCNC(=O)Nc1ccc(C(C)(C)C)cc1)C[C@@H]1O[C@@H](n2cc(Br)c3c(N)ncnc32)[C@H](O)[C@H]1O,1
CC(=O)N1CC[C@H]2O[C@H]3c4ccc(O[C@@H]5O[C@H](CO)[C@@H](O[C@@H]6O[C@H](CO)[C@H](O)[C@H](O)[C@H]6O)[C@H](O)[C@H]5O)cc4OC(C)(C)[C@@H]3C[C@H]2C1,0
O=c1c2cccnc2ncn1[C@H]1CCCc2ccccc21,0
CN1C(=O)[C@H]2CN(CC3=CC[C@H]4C[C@@H]3C4(C)C)C[C@H]2C1=O,0
C[C@H]1NC(=O)N(CCc2nc(C(F)(F)F)cs2)C1=O,0
COc1cccc([C@@H](C)n2cnc3cn(C)nc3c2=O)c1,0
N[C@@H]1CCCN(c2c(/C=C3\SC(=O)NC3=O)cccc2-c2ccccc2)C1,1
CNc1nc(Nc2cnn([C@H]3CCN(C4COC4)C[C@@H]3F)c2Cl)ncc1C(F)(F)F,0
Cc1cc(=O)oc2cc(NC(=O)[C@H](CCCCN)NC(=O)[C@H](CC3CCCCC3)NC(=O)OCC3c4ccccc4-c4ccccc43)ccc12,0
O=C([C@@H]1CCCN1C(=O)NC(c1ccccc1)c1ccccc1)N1CCCCC1,1
COc1cc2c(cc1OC)[C@@H]1CC(=O)[C@@H](CC(C)C)CN1CC2,0
CC(=O)N[C@H]1CCN(C(=O)N[C@H](C)C(c2ccccc2)c2ccccc2)C1,1
C[C@H]1Oc2cc(cnc2N)-c2c(nn(C)c2C#N)CN(C)C(=O)c2ccc(F)cc21,1
O=C(C1CCC1)N1CCC[C@H]1Cn1nnc(-c2cccs2)n1,0
COc1ccc([C@H]2c3[nH]c4ccc(Cl)cc4c3CCN2C(=O)Oc2ccc(Cl)cc2)cc1,0
COc1ccc(OC[C@@H]2c3cc(OC)c(OC)cc3CCN2C(=O)c2cccc(Cl)c2)cc1,0
N#Cc1ccc(COc2cccc(C3CCN(Cc4nc5ccc(C(=O)O)cc5n4C[C@@H]4CCO4)CC3)n2)c(F)c1,1
CC(C)[C@H](CO)Nc1nc(Nc2cc(N)cc(Cl)c2)c2ncn(C(C)C)c2n1,1
NC[C@H]1CC[C@@H](C(=O)Nc2ccc3[nH]ncc3c2)O1,0
CC(C)S(=O)(=O)c1ccc2nccc(Nc3ccc4scnc4c3)c2c1,1
O=C(/C=C/N1C[C@H]2C[C@@H]1CN2c1ccccn1)c1ccccc1O,0
C=CC(=O)N1CCC[C@@H](n2nc(-c3cccc(C(=O)Nc4ccc(C(C)C)c(C)c4)c3)c3c(N)ncnc32)C1,1
Cc1ccc(S(=O)(=O)Nc2ccc3c(c2)c(C(=O)C(F)(F)F)cn3CC(=O)N[C@@H](CC(C)C)C(=O)O)cc1,1
COC(=O)[C@@H]1C[C@H](O)CN1CC#Cc1ccc(Cl)cc1,0
CC(=O)c1cnc2ccc(-c3cc(Cl)c(O)c(Cl)c3)nc2c1N[C@H]1CC[C@H](CN(C)C)CC1,1
CN[C@@H](C)C(=O)N[C@H](C(=O)N1CCC[C@H]1C(=O)Nc1snnc1-c1ccccc1)C1CCCCC1,1
COc1cc([C@H](CC(=O)O)c2ccc(C)c(CN3C[C@@H](C)Oc4ccccc4S3(=O)=O)c2)cc2nnn(C)c12,1
C[C@H]1CN(Cc2c(Cl)cccc2C(F)(F)F)C[C@@]1(CC(=O)O)C(=O)NC1CCN(CC2=CCCCC2)CC1,1
Cc1ccc(NC(=O)c2ccc(CN3CCN(C)CC3)cc2)cc1Nc1nccc(-c2cccnc2)n1,1
